num_bedroom,location,bedroom_width,bedroom_height,bathroom_width,bathroom_height,garage_width,garage_height,erf_size,bath_amenities,car_parks,price
3,Woodstock,20,20,20,20,20,20,411,,,2562589
3,Walmer Estate,20,20,20,20,20,20,629,,,12303468
3,Woodstock,20,20,20,20,20,20,315,,,23102374
3,Woodstock,20,20,20,20,,,541,,,32805211
4,Oranjezicht,20,20,20,20,20,20,528,,,11605296
3,Woodstock,20,20,20,20,,,382,,,9572313
6,Woodstock,20,20,20,20,20,20,426,,,36881777
2,Woodstock,20,20,20,20,20,20,501,,,14288462
5,Gardens,20,20,20,20,,,294,,,6447258
3,Gardens,20,20,20,20,20,20,341,,,8630073
3,De Waterkant,20,20,20,20,,,406,,,5550933
4,Gardens,20,20,20,20,,,591,,,18228195
2,Tamboerskloof,20,20,20,20,,,612,,,22283382
3,Vredehoek,20,20,20,20,20,20,182,,,21951742
5,Oranjezicht,20,20,20,20,20,20,339,,,17548700
3,Woodstock,20,20,20,20,20,20,644,,,33704290
3,Woodstock,20,20,20,20,,,614,,,16932886
6,Oranjezicht,20,20,20,20,20,20,397,,,16428686
4,Tamboerskloof,20,20,20,20,20,20,626,,,9271370
3,Walmer Estate,20,20,20,20,,,561,,,34293463
3,Woodstock,20,20,20,20,20,20,610,,,33213148
6,Oranjezicht,20,20,20,20,20,20,236,,,27448257
3,Oranjezicht,20,20,20,20,20,20,697,,,18199368
4,Woodstock,20,20,20,20,20,20,251,,,34672704
4,Higgovale,20,20,20,20,20,20,509,,,16852406
4,Vredehoek,20,20,20,20,20,20,214,,,26278355
2,Higgovale,20,20,20,20,20,20,525,,,28585545
5,Vredehoek,20,20,20,20,20,20,506,,,28093440
3,Oranjezicht,20,20,20,20,20,20,532,,,22332028
3,Gardens,20,20,20,20,,,186,,,21356116
,Walmer Estate,,,,,,,564,,,6160644
6,Gardens,20,20,20,20,20,20,698,,,9294357
2,De Waterkant,20,20,20,20,,,388,,,20532000
5,Gardens,20,20,20,20,,,391,,,12611141
,Walmer Estate,,,,,,,308,,,17985368
5,Oranjezicht,20,20,20,20,20,20,188,,,27072306
4,Oranjezicht,20,20,20,20,,,434,,,17999462
3,Woodstock,20,20,20,20,20,20,167,,,12340012
2,Zonnebloem,20,20,20,20,20,20,486,,,24555420
3,Vredehoek,20,20,20,20,20,20,150,,,3014540
2,Woodstock,20,20,20,20,,,426,,,28150556
5,Oranjezicht,20,20,20,20,20,20,562,,,35244087
4,Gardens,20,20,20,20,20,20,655,,,32655956
4,Oranjezicht,20,20,20,20,20,20,158,,,27009786
4,Vredehoek,20,20,20,20,20,20,296,,,29828864
4,Oranjezicht,20,20,20,20,20,20,185,,,24194122
2,Vredehoek,20,20,20,20,20,20,523,,,8909771
6,Gardens,20,20,20,20,20,20,530,,,21842541
2,Woodstock,20,20,20,20,20,20,312,,,15326445
3,Woodstock,20,20,20,20,20,20,624,,,22369960
4,Tamboerskloof,20,20,20,20,20,20,673,,,17997594
12,Oranjezicht,20,20,20,20,,,585,,,20905090
2,Walmer Estate,20,20,20,20,20,20,621,,,30731552
2,Woodstock,20,20,20,20,20,20,304,,,12123178
3,Gardens,20,20,20,20,20,20,448,,,16094083
4,Oranjezicht,20,20,20,20,20,20,329,,,13034314
8,University Estate,20,20,20,20,20,20,422,,,36334897
3,Walmer Estate,20,20,20,20,20,20,597,,,5433522
2,Woodstock,20,20,20,20,20,20,302,,,13867958
3,Zonnebloem,20,20,20,20,20,20,448,,,14658622
7,Woodstock,20,20,20,20,,,602,,,17118209
4,Higgovale,20,20,20,20,20,20,202,,,6611228
3,Tamboerskloof,20,20,20,20,20,20,265,,,24830445
4,Oranjezicht,20,20,20,20,20,20,198,,,28309640
3,Woodstock,20,20,20,20,,,507,,,25262383
2,Woodstock,20,20,20,20,,,465,,,20287548
4,Vredehoek,20,20,20,20,20,20,397,,,6960104
6,Oranjezicht,20,20,20,20,,,201,,,35280766
2,Vredehoek,20,20,20,20,20,20,652,,,22514393
4,Oranjezicht,20,20,20,20,20,20,641,,,22727953
2,Oranjezicht,20,20,20,20,,,496,,,10815381
1,Bo Kaap,20,20,20,20,20,20,691,,,11561801
2,Woodstock,20,20,20,20,20,20,219,,,19859807
2,Tamboerskloof,20,20,20,20,,,231,,,5943862
4,Vredehoek,20,20,20,20,20,20,297,,,20276208
7,Woodstock,20,20,20,20,,,368,,,13153662
3,Zonnebloem,20,20,20,20,20,20,519,,,13105752
4,Devils Peak Estate,20,20,20,20,20,20,206,,,22895773
6,Oranjezicht,20,20,20,20,20,20,171,,,21712886
2,De Waterkant,20,20,20,20,20,20,226,,,20801634
3,Vredehoek,20,20,20,20,20,20,628,,,7982167
6,Walmer Estate,20,20,20,20,20,20,390,,,14570329
3,Vredehoek,20,20,20,20,20,20,675,,,33000897
2,Woodstock,20,20,20,20,20,20,506,,,19657278
7,University Estate,20,20,20,20,20,20,250,,,35692795
2,Woodstock,20,20,20,20,20,20,447,,,35349245
2,Vredehoek,20,20,20,20,20,20,224,,,22841999
2,Tamboerskloof,20,20,20,20,20,20,538,,,24441077
4,Woodstock,20,20,20,20,,,497,,,20434130
3,Tamboerskloof,20,20,20,20,20,20,641,,,34514087
2,Woodstock,20,20,20,20,,,586,,,5566487
4,Woodstock,20,20,20,20,,,317,,,30702522
3,Tamboerskloof,20,20,20,20,20,20,402,,,13459734
1,Woodstock,20,20,20,20,20,20,302,,,7745968
1,Mouille Point,20,20,20,20,20,20,319,,,29855210
3,Woodstock,20,20,20,20,,,657,,,27857408
3,Vredehoek,20,20,20,20,20,20,240,,,11111301
4,Bo Kaap,20,20,20,20,,,457,,,10565480
3,Bo Kaap,20,20,20,20,20,20,208,,,13666520
2,University Estate,20,20,20,20,20,20,674,,,30181315
4,Oranjezicht,20,20,20,20,,,589,,,34047638
4,Walmer Estate,20,20,20,20,,,686,,,14379907
3,Woodstock,20,20,20,20,20,20,322,,,14504950
5,Bo Kaap,20,20,20,20,20,20,506,,,12995534
3,Woodstock,20,20,20,20,20,20,607,,,13600286
3,Vredehoek,20,20,20,20,20,20,495,,,30116017
2,Woodstock,20,20,20,20,,,356,,,28857817
3,De Waterkant,20,20,20,20,20,20,424,,,36242547
3,Bo Kaap,20,20,20,20,,,208,,,14945048
4,Higgovale,20,20,20,20,20,20,586,,,35378828
2,Gardens,20,20,20,20,,,411,,,35515981
3,Vredehoek,20,20,20,20,20,20,305,,,14063546
3,Bo Kaap,20,20,20,20,20,20,659,,,6065812
4,Woodstock,20,20,20,20,,,669,,,23949424
2,Gardens,20,20,20,20,,,306,,,21151992
4,Woodstock,20,20,20,20,,,387,,,22435084
3,Tamboerskloof,20,20,20,20,,,680,,,25417130
5,Oranjezicht,20,20,20,20,20,20,523,,,7838314
7,Oranjezicht,20,20,20,20,20,20,323,,,3932101
3,Vredehoek,20,20,20,20,,,182,,,15170541
4,Oranjezicht,20,20,20,20,20,20,178,,,9184605
5,Oranjezicht,20,20,20,20,20,20,669,,,9635830
3,Woodstock,20,20,20,20,20,20,312,,,36006138
7,Woodstock,20,20,20,20,,,343,,,35275526
3,Vredehoek,20,20,20,20,20,20,389,,,32204066
2,Zonnebloem,20,20,20,20,20,20,675,,,36266197
3,Vredehoek,20,20,20,20,20,20,587,,,2682675
2,Woodstock,20,20,20,20,,,637,,,2582752
1,Foreshore,20,20,20,20,20,20,338,,,6708221
8,Gardens,20,20,20,20,20,20,585,,,9384402
4,Woodstock,20,20,20,20,20,20,176,,,25507905
3,Tamboerskloof,20,20,20,20,20,20,624,,,10493317
2,Woodstock,20,20,20,20,,,236,,,10609210
13,Gardens,20,20,20,20,,,237,,,2846994
2,Woodstock,20,20,20,20,,,538,,,25760345
2,Woodstock,20,20,20,20,,,593,,,15621654
3,Vredehoek,20,20,20,20,20,20,603,,,19005269
8,Bo Kaap,20,20,20,20,20,20,278,,,34152726
4,Gardens,20,20,20,20,20,20,318,,,20531569
3,Vredehoek,20,20,20,20,20,20,309,,,25946784
2,Zonnebloem,20,20,20,20,20,20,403,,,10703431
3,Higgovale,20,20,20,20,20,20,565,,,36198222
3,Gardens,20,20,20,20,,,427,,,5740381
3,Tamboerskloof,20,20,20,20,,,432,,,11597307
3,Woodstock,20,20,20,20,,,288,,,7456219
3,Oranjezicht,20,20,20,20,,,433,,,34962118
3,Cape Town City Centre,20,20,20,20,20,20,334,,,9237763
2,Woodstock,20,20,20,20,20,20,341,,,22780662
3,Woodstock,20,20,20,20,,,530,,,24126601
4,Walmer Estate,20,20,20,20,20,20,563,,,34022395
3,Woodstock,20,20,20,20,20,20,595,,,18654252
1,Walmer Estate,20,20,20,20,20,20,341,,,35484769
2,Woodstock,20,20,20,20,,,479,,,15795255
3,Gardens,20,20,20,20,20,20,198,,,5285087
2,Woodstock,20,20,20,20,,,247,,,7680138
5,Bo Kaap,20,20,20,20,20,20,555,,,4593836
2,Woodstock,20,20,20,20,,,379,,,7843781
3,Woodstock,20,20,20,20,,,407,,,25854466
2,Tamboerskloof,20,20,20,20,,,263,,,31769138
5,Higgovale,20,20,20,20,20,20,450,,,30877942
2,Woodstock,20,20,20,20,,,283,,,32242427
4,Woodstock,20,20,20,20,20,20,407,,,29907616
3,Vredehoek,20,20,20,20,20,20,237,,,34106662
3,Woodstock,20,20,20,20,20,20,620,,,32958608
3,Woodstock,20,20,20,20,,,150,,,33709060
2,Woodstock,20,20,20,20,,,453,,,3129125
,Cape Town City Centre,,,,,20,20,592,,,13785175
4,Vredehoek,20,20,20,20,20,20,474,,,26751003
3,Bo Kaap,20,20,20,20,,,573,,,26188767
3,Oranjezicht,20,20,20,20,20,20,320,,,14527253
2,Woodstock,20,20,20,20,20,20,429,,,36637291
2,Woodstock,20,20,20,20,20,20,657,,,20645048
3,Woodstock,20,20,20,20,20,20,588,,,22802828
3,Gardens,20,20,20,20,20,20,300,,,20559874
3,Gardens,20,20,20,20,,,351,,,36723200
5,Woodstock,20,20,20,20,,,551,,,5261774
4,Higgovale,20,20,20,20,20,20,366,,,24927404
3,Tamboerskloof,20,20,20,20,,,290,,,27200086
1,Bo Kaap,20,20,20,20,20,20,492,,,25106975
5,Vredehoek,20,20,20,20,20,20,626,,,22173844
3,De Waterkant,20,20,20,20,,,409,,,32644910
4,Woodstock,20,20,20,20,,,395,,,30965884
3,Walmer Estate,20,20,20,20,,,508,,,34331793
3,Woodstock,20,20,20,20,,,257,,,26533873
3,Woodstock,20,20,20,20,20,20,435,,,5538371
4,Walmer Estate,20,20,20,20,,,536,,,26208698
2,Woodstock,20,20,20,20,,,505,,,6006567
33,Gardens,20,20,20,20,20,20,503,,,15314512
3,Higgovale,20,20,20,20,20,20,656,,,25630568
2,Woodstock,20,20,20,20,,,592,,,19068723
5,Tamboerskloof,20,20,20,20,20,20,665,,,3202882
2,Woodstock,20,20,20,20,,,639,,,27149844
4,Vredehoek,20,20,20,20,20,20,319,,,30414531
3,Woodstock,20,20,20,20,,,411,,,35797584
3,Oranjezicht,20,20,20,20,,,156,,,26901725
3,Oranjezicht,20,20,20,20,,,154,,,22021335
6,Woodstock,20,20,20,20,,,669,,,10497099
2,Gardens,20,20,20,20,,,181,,,32799840
1,Cape Town City Centre,20,20,20,20,20,20,274,,,28676702
2,Woodstock,20,20,20,20,,,401,,,6913376
2,Woodstock,20,20,20,20,,,426,,,30627420
3,Zonnebloem,20,20,20,20,20,20,532,,,33221056
4,Woodstock,20,20,20,20,20,20,173,,,29777619
6,Oranjezicht,20,20,20,20,20,20,169,,,32137449
3,Woodstock,20,20,20,20,20,20,166,,,5660320
2,Walmer Estate,20,20,20,20,,,611,,,21920637
4,Oranjezicht,20,20,20,20,20,20,687,,,28627923
5,Higgovale,20,20,20,20,20,20,225,,,4915387
2,Woodstock,20,20,20,20,,,681,,,34468496
3,Woodstock,20,20,20,20,,,468,,,12275274
7,Tamboerskloof,20,20,20,20,20,20,225,,,10204645
3,Vredehoek,20,20,20,20,20,20,642,,,32180072
6,Woodstock,20,20,20,20,,,683,,,29705314
5,Woodstock,20,20,20,20,,,672,,,16359393
3,Woodstock,20,20,20,20,20,20,296,,,26510217
2,Walmer Estate,20,20,20,20,,,633,,,26602446
2,Woodstock,20,20,20,20,20,20,570,,,15640871
2,Walmer Estate,20,20,20,20,20,20,408,,,15156718
2,Woodstock,20,20,20,20,,,159,,,19775236
4,Oranjezicht,20,20,20,20,20,20,546,,,17031124
6,Tamboerskloof,20,20,20,20,20,20,239,,,18976024
2,Woodstock,20,20,20,20,20,20,265,,,20136109
2,Oranjezicht,20,20,20,20,,,304,,,8452056
3,Woodstock,20,20,20,20,,,189,,,29806846
2,Woodstock,20,20,20,20,20,20,667,,,25367144
3,Zonnebloem,20,20,20,20,20,20,444,,,8362777
6,Vredehoek,20,20,20,20,20,20,558,,,30171887
3,Woodstock,20,20,20,20,20,20,210,,,19580726
3,Woodstock,20,20,20,20,,,303,,,32516649
2,Woodstock,20,20,20,20,,,602,,,4513692
4,Tamboerskloof,20,20,20,20,20,20,454,,,35834070
3,Gardens,20,20,20,20,,,223,,,15789024
2,Gardens,20,20,20,20,20,20,384,,,34984735
7,Vredehoek,20,20,20,20,20,20,469,,,3701007
5,Woodstock,20,20,20,20,,,634,,,31876808
3,Woodstock,20,20,20,20,,,269,,,10110893
7,Vredehoek,20,20,20,20,20,20,643,,,31828561
4,Woodstock,20,20,20,20,,,619,,,4400421
6,Vredehoek,20,20,20,20,20,20,432,,,7317314
3,Woodstock,20,20,20,20,,,315,,,5429707
3,Gardens,20,20,20,20,,,383,,,9447193
3,Walmer Estate,20,20,20,20,20,20,654,,,2572380
4,Bo Kaap,20,20,20,20,20,20,695,,,33473781
4,Oranjezicht,20,20,20,20,20,20,385,,,24806722
13,Gardens,20,20,20,20,20,20,407,,,16525322
4,Higgovale,20,20,20,20,20,20,654,,,35992224
2,Woodstock,20,20,20,20,,,379,,,17772580
8,Woodstock,20,20,20,20,,,200,,,11517188
2,De Waterkant,20,20,20,20,,,395,,,36345768
3,Woodstock,20,20,20,20,,,450,,,21373954
2,Bo Kaap,20,20,20,20,,,370,,,36003564
3,Bo Kaap,20,20,20,20,,,303,,,15686866
2,Woodstock,20,20,20,20,20,20,627,,,27330804
6,Woodstock,20,20,20,20,,,374,,,5683775
3,Vredehoek,20,20,20,20,,,299,,,20231081
4,Higgovale,20,20,20,20,20,20,450,,,8447152
3,Woodstock,20,20,20,20,,,342,,,14951753
2,Walmer Estate,20,20,20,20,,,377,,,27370383
1,Gardens,20,20,20,20,,,375,,,2727173
4,Woodstock,20,20,20,20,,,639,,,9558748
2,Woodstock,20,20,20,20,,,247,,,15906380
3,Higgovale,20,20,20,20,20,20,251,,,5146602
6,Walmer Estate,20,20,20,20,,,318,,,33938195
4,Gardens,20,20,20,20,,,228,,,36711594
2,De Waterkant,20,20,20,20,,,603,,,29348344
3,Woodstock,20,20,20,20,,,572,,,24503377
3,Woodstock,20,20,20,20,,,421,,,32343164
2,De Waterkant,20,20,20,20,,,237,,,17542276
4,Higgovale,20,20,20,20,20,20,180,,,3421444
3,Gardens,20,20,20,20,20,20,153,,,24793113
3,Vredehoek,20,20,20,20,20,20,546,,,29527253
3,Zonnebloem,20,20,20,20,20,20,254,,,36414615
3,De Waterkant,20,20,20,20,20,20,393,,,23785490
4,Oranjezicht,20,20,20,20,20,20,633,,,32802672
3,Walmer Estate,20,20,20,20,20,20,193,,,32736988
2,Woodstock,20,20,20,20,20,20,457,,,3190118
3,Vredehoek,20,20,20,20,20,20,565,,,20318887
3,Vredehoek,20,20,20,20,20,20,333,,,26939581
4,Tamboerskloof,20,20,20,20,20,20,436,,,31981154
4,Tamboerskloof,20,20,20,20,20,20,327,,,13816442
4,Tamboerskloof,20,20,20,20,20,20,576,,,23717454
3,Bo Kaap,20,20,20,20,20,20,691,,,24250202
3,De Waterkant,20,20,20,20,20,20,203,,,20712506
2,Woodstock,20,20,20,20,20,20,214,,,6422541
5,Higgovale,20,20,20,20,20,20,230,,,33705273
3,Woodstock,20,20,20,20,20,20,547,,,4276938
2,Bo Kaap,20,20,20,20,,,665,,,22472595
5,Woodstock,20,20,20,20,20,20,282,,,19013879
2,De Waterkant,20,20,20,20,,,195,,,11520133
9,Oranjezicht,20,20,20,20,20,20,391,,,9278707
5,Oranjezicht,20,20,20,20,20,20,342,,,11920084
3,Woodstock,20,20,20,20,20,20,519,,,23233810
3,Woodstock,20,20,20,20,,,312,,,27502418
8,Woodstock,20,20,20,20,20,20,355,,,26407310
3,Oranjezicht,20,20,20,20,20,20,460,,,18361517
5,Woodstock,20,20,20,20,20,20,568,,,18847187
4,Vredehoek,20,20,20,20,20,20,363,,,7643528
6,Vredehoek,20,20,20,20,,,516,,,14638386
3,Woodstock,20,20,20,20,,,321,,,2615173
6,Woodstock,20,20,20,20,,,692,,,28835933
5,Higgovale,20,20,20,20,20,20,239,,,34980688
3,Tamboerskloof,20,20,20,20,20,20,176,,,30459438
2,Vredehoek,20,20,20,20,,,684,,,7810296
6,Oranjezicht,20,20,20,20,20,20,211,,,26771027
5,Walmer Estate,20,20,20,20,,,658,,,5476242
3,Woodstock,20,20,20,20,,,291,,,35963948
2,Woodstock,20,20,20,20,,,470,,,11665805
3,Woodstock,20,20,20,20,20,20,362,,,30733657
4,Oranjezicht,20,20,20,20,,,330,,,31214013
3,Woodstock,20,20,20,20,,,434,,,30605981
4,Oranjezicht,20,20,20,20,20,20,437,,,14079399
3,Bo Kaap,20,20,20,20,,,389,,,31152261
2,Oranjezicht,20,20,20,20,20,20,204,,,24000119
6,Higgovale,20,20,20,20,20,20,527,,,29834446
4,Woodstock,20,20,20,20,,,258,,,11246454
3,Vredehoek,20,20,20,20,20,20,469,,,10850753
2,Gardens,20,20,20,20,20,20,533,,,8518254
2,Higgovale,20,20,20,20,20,20,330,,,12447154
4,Oranjezicht,20,20,20,20,20,20,520,,,5732098
4,Tamboerskloof,20,20,20,20,20,20,330,,,2932075
4,Tamboerskloof,20,20,20,20,20,20,226,,,16535237
4,Tamboerskloof,20,20,20,20,20,20,357,,,34981505
2,Gardens,20,20,20,20,20,20,342,,,12305076
3,Woodstock,20,20,20,20,20,20,656,,,16039412
5,Tamboerskloof,20,20,20,20,20,20,683,,,16050319
3,Vredehoek,20,20,20,20,20,20,349,,,16724259
2,Woodstock,20,20,20,20,,,459,,,16337561
6,Woodstock,20,20,20,20,20,20,639,,,15052541
4,Walmer Estate,20,20,20,20,,,602,,,9787834
2,De Waterkant,20,20,20,20,,,537,,,17974598
5,Bo Kaap,20,20,20,20,20,20,361,,,16562823
2,Gardens,20,20,20,20,20,20,183,,,30453091
4,Vredehoek,20,20,20,20,20,20,359,,,16685136
3,Woodstock,20,20,20,20,20,20,481,,,6288048
5,Higgovale,20,20,20,20,20,20,414,,,3770080
2,Woodstock,20,20,20,20,,,511,,,6569625
2,Gardens,20,20,20,20,20,20,552,,,21266338
4,Tamboerskloof,20,20,20,20,20,20,203,,,5355204
7,Devils Peak Estate,20,20,20,20,20,20,254,,,4526824
7,Vredehoek,20,20,20,20,20,20,181,,,11533838
2,Woodstock,20,20,20,20,,,452,,,2766135
2,Woodstock,20,20,20,20,,,312,,,28243205
4,Higgovale,20,20,20,20,20,20,358,,,32965521
2,Gardens,20,20,20,20,,,295,,,24942906
5,Oranjezicht,20,20,20,20,,,388,,,27171075
2,De Waterkant,20,20,20,20,20,20,437,,,12465177
5,Higgovale,20,20,20,20,20,20,233,,,9106604
4,Higgovale,20,20,20,20,20,20,548,,,33440031
7,Tamboerskloof,20,20,20,20,20,20,151,,,33659071
4,Oranjezicht,20,20,20,20,20,20,625,,,16326760
3,Higgovale,20,20,20,20,20,20,341,,,7480303
7,Higgovale,20,20,20,20,20,20,419,,,5203786
3,Oranjezicht,20,20,20,20,20,20,471,,,10260481
1,Zonnebloem,20,20,20,20,20,20,385,,,32047204
3,Woodstock,20,20,20,20,,,292,,,25586819
2,Walmer Estate,20,20,20,20,20,20,578,,,36691511
3,Gardens,20,20,20,20,,,400,,,33451171
3,Tamboerskloof,20,20,20,20,,,684,,,9440233
6,Higgovale,20,20,20,20,20,20,236,,,24899504
3,Tamboerskloof,20,20,20,20,,,448,,,29708944
3,Tamboerskloof,20,20,20,20,,,357,,,24517350
2,De Waterkant,20,20,20,20,,,360,,,19029535
6,Walmer Estate,20,20,20,20,20,20,169,,,14545171
3,Woodstock,20,20,20,20,20,20,436,,,3600589
3,Bo Kaap,20,20,20,20,,,354,,,34397290
2,Woodstock,20,20,20,20,20,20,217,,,28897056
3,Vredehoek,20,20,20,20,20,20,377,,,28112727
4,Bo Kaap,20,20,20,20,20,20,688,,,34863595
4,Vredehoek,20,20,20,20,20,20,443,,,2727518
2,University Estate,20,20,20,20,20,20,377,,,2610770
4,Vredehoek,20,20,20,20,20,20,212,,,36743567
3,Vredehoek,20,20,20,20,20,20,203,,,10330237
3,Vredehoek,20,20,20,20,20,20,266,,,25067946
2,Gardens,20,20,20,20,,,556,,,27338352
3,Gardens,20,20,20,20,,,471,,,24228697
4,Oranjezicht,20,20,20,20,20,20,210,,,33268520
6,Woodstock,20,20,20,20,,,396,,,18141867
2,De Waterkant,20,20,20,20,20,20,639,,,4457613
4,Gardens,20,20,20,20,,,159,,,24228842
4,Bo Kaap,20,20,20,20,20,20,689,,,20152786
2,Woodstock,20,20,20,20,20,20,527,,,20248309
3,Tamboerskloof,20,20,20,20,20,20,509,,,3733685
3,Higgovale,20,20,20,20,20,20,224,,,32349009
4,Gardens,20,20,20,20,20,20,502,,,17947991
1,De Waterkant,20,20,20,20,20,20,477,,,34625161
3,Woodstock,20,20,20,20,20,20,647,,,19917389
3,Oranjezicht,20,20,20,20,20,20,267,,,36008685
4,Gardens,20,20,20,20,,,634,,,24763450
4,Gardens,20,20,20,20,,,304,,,33361971
7,Higgovale,20,20,20,20,20,20,634,,,19670426
3,Woodstock,20,20,20,20,,,427,,,5061888
3,De Waterkant,20,20,20,20,,,615,,,23751415
4,Vredehoek,20,20,20,20,20,20,156,,,27280143
3,Woodstock,20,20,20,20,20,20,378,,,34438505
6,Vredehoek,20,20,20,20,20,20,327,,,18260089
3,Gardens,20,20,20,20,,,330,,,15361264
3,Woodstock,20,20,20,20,20,20,510,,,21511406
2,Zonnebloem,20,20,20,20,20,20,643,,,27549501
,Gardens,,,,,,,464,,,9783708
3,Oranjezicht,20,20,20,20,20,20,182,,,34135891
3,Tamboerskloof,20,20,20,20,20,20,413,,,9193112
3,Woodstock,20,20,20,20,20,20,552,,,26239229
3,Oranjezicht,20,20,20,20,20,20,336,,,15986680
3,Oranjezicht,20,20,20,20,20,20,209,,,3996294
,Gardens,,,20,20,,,542,,,31190246
4,Gardens,20,20,20,20,20,20,321,,,29013399
4,Higgovale,20,20,20,20,20,20,284,,,35179534
3,Tamboerskloof,20,20,20,20,20,20,428,,,3320134
3,Walmer Estate,20,20,20,20,20,20,419,,,4842593
2,Woodstock,20,20,20,20,,,400,,,13954876
3,Vredehoek,20,20,20,20,20,20,533,,,25733745
,Gardens,,,20,20,,,565,,,32299979
2,Woodstock,20,20,20,20,20,20,235,,,12008894
5,Higgovale,20,20,20,20,20,20,365,,,32651436
3,Oranjezicht,20,20,20,20,20,20,241,,,8821044
2,Tamboerskloof,20,20,20,20,20,20,280,,,31997799
2,Woodstock,20,20,20,20,,,695,,,35905298
6,Oranjezicht,20,20,20,20,,,558,,,21950387
3,Vredehoek,20,20,20,20,20,20,191,,,34189688
11,Woodstock,20,20,20,20,20,20,465,,,7240761
3,Higgovale,20,20,20,20,20,20,485,,,20444871
4,Higgovale,20,20,20,20,20,20,575,,,23323419
3,Higgovale,20,20,20,20,20,20,582,,,20823963
3,Vredehoek,20,20,20,20,20,20,625,,,3430560
2,Walmer Estate,20,20,20,20,20,20,485,,,13365060
8,Oranjezicht,20,20,20,20,20,20,675,,,13879586
2,De Waterkant,20,20,20,20,,,426,,,3731350
2,Woodstock,20,20,20,20,20,20,205,,,23849300
2,De Waterkant,20,20,20,20,,,390,,,5082962
3,Vredehoek,20,20,20,20,20,20,421,,,29199100
7,Higgovale,20,20,20,20,20,20,492,,,8669365
4,Woodstock,20,20,20,20,20,20,621,,,34846457
2,Woodstock,20,20,20,20,20,20,405,,,34667473
3,Oranjezicht,20,20,20,20,20,20,378,,,5437780
2,Oranjezicht,20,20,20,20,,,698,,,4125487
3,Gardens,20,20,20,20,,,532,,,8676802
4,Zonnebloem,20,20,20,20,20,20,389,,,20556979
4,Vredehoek,20,20,20,20,20,20,198,,,27831202
6,Vredehoek,20,20,20,20,20,20,666,,,4228440
3,Higgovale,20,20,20,20,20,20,204,,,35898756
5,Oranjezicht,20,20,20,20,20,20,635,,,5393004
3,Woodstock,20,20,20,20,,,229,,,26686515
3,Vredehoek,20,20,20,20,20,20,169,,,13840173
3,Zonnebloem,20,20,20,20,20,20,640,,,12885442
,Gardens,,,20,20,,,205,,,24590782
2,Woodstock,20,20,20,20,,,690,,,14444455
5,Woodstock,20,20,20,20,,,379,,,16137979
4,Vredehoek,20,20,20,20,20,20,657,,,14830926
2,Zonnebloem,20,20,20,20,20,20,209,,,14909835
6,Gardens,20,20,20,20,20,20,158,,,4147378
3,Vredehoek,20,20,20,20,20,20,280,,,19025527
6,Walmer Estate,20,20,20,20,20,20,223,,,3989338
4,Bo Kaap,20,20,20,20,,,387,,,35946343
3,Walmer Estate,20,20,20,20,20,20,357,,,27161562
6,Oranjezicht,20,20,20,20,20,20,411,,,13493353
2,Gardens,20,20,20,20,20,20,226,,,12018571
3,Woodstock,20,20,20,20,,,638,,,5504758
3,Woodstock,20,20,20,20,,,647,,,6357985
2,Walmer Estate,20,20,20,20,,,680,,,12877522
,Woodstock,,,20,20,,,326,,,21619076
2,Gardens,20,20,20,20,20,20,253,,,29918201
12,Woodstock,20,20,20,20,20,20,366,,,19568376
3,Woodstock,20,20,20,20,,,256,,,6619889
4,11 Greenwood  Walk,,,,,,,323,3,3,13867612
4,26 Myrtle Road,,,,,,,615,2,2,4274468
2,,,,,,,,269,2,2,10566440
,,,,,,,,669,,,15938356
3,,,,,,,,253,1,1,30640644
1,,,,,,,,271,1,1,18723237
2,,,,,,,,323,1.5,1.5,35148940
3,,,,,,,,256,2,2,29287660
3,143 Madeira  Drive,,,,,,,381,1,1,26239223
2,,,,,,,,645,1,1,20674654
1,75 shearwater Road,,,,,,,201,1,1,24801686
3,8 Watson Road ,,,,,,,638,2,2,24304885
4,,,,,,,,590,2,2,15910129
3,,,,,,,,365,2,2,6231126
3,,,,,,,,393,1,1,34629586
3,,,,,,,,612,1,1,3023846
6,,,,,,,,313,4,4,15019298
4,,,,,,,,169,2,2,25381916
3,,,,,,,,257,2,2,23261357
3,,,,,,,,673,1,1,29014152
2,,,,,,,,364,1,1,31944780
9,,,,,,,,412,3,3,13527419
3,,,,,,,,392,1,1,14566984
3,,,,,,,,340,2,2,30893439
2,,,,,,,,688,1,1,34634683
2,,,,,,,,541,1,1,36265740
5,,,,,,,,321,3.5,3.5,31742402
3,109 1st Avenue,,,,,,,484,2.5,2.5,4516199
4,,,,,,,,534,3,3,18162735
4,,,,,,,,415,2,2,12966873
3,,,,,,,,665,3,3,24864202
2,,,,,,,,372,1,1,27746767
6,,,,,,,,493,2,2,7713383
3,,,,,,,,154,3.5,3.5,27608810
4,8 Boshof Avenue,,,,,,,374,3,3,23047257
4,,,,,,,,179,3,3,5645792
1,,,,,,,,488,1,1,15581114
6,,,,,,,,538,2,2,28583817
3,,,,,,,,573,1,1,28791656
2,,,,,,,,408,1,1,25685047
2,,,,,,,,543,1,1,13473548
4,,,,,,,,369,3,3,36674533
4,,,,,,,,684,3,3,27016404
1,,,,,,,,628,1,1,5404862
4,108 Constantiaberg Crescent,,,,,,,227,3,3,31442484
4,,,,,,,,240,2,2,5979624
0.5,,,,,,,,268,0.5,0.5,36586640
3,7 Ardleigh Close,,,,,,,337,1,1,8936112
2,2A Bridge Street  ,,,,,,,336,1,1,35029966
3,4A Camp Road  ,,,,,,,331,2,2,18353108
3,4B Camp Road  ,,,,,,,331,2,2,21447323
5,200 Boyes Drive ,,,,,,,306,5,5,21856394
5,5 Old Boyes Drive  ,,,,,,,352,3,3,19838713
,198 Boys Drive Extension ,,,,,,,221,,,20665488
1,,,,,,,,194,1,1,29951687
3,8 Royal Road ,,,,,,,371,2,2,35489376
8,18 Mount Road  ,,,,,,,179,8,8,12633029
3,,,,,,,,676,1,1,2580904
4,,,,,,,,182,3,3,28255104
5,,,,,,,,673,3,3,29716978
,,,,,,,,564,,,15618434
2,,,,,,,,208,1,1,36295328
3,,,,,,,,365,3,3,19200649
7,,,,,,,,469,6,6,33477746
3,,,,,,,,453,1,1,26730782
2,,,,,,,,562,1,1,27125321
5,,,,,,,,213,1,1,23341510
3,,,,,,,,646,2,2,22651543
6,,,,,,,,535,4,4,32003947
3,23 Lavender Crescent,,,,,,,699,2,2,7161578
3,76 Upper Melbourne Street,,,,,,,652,3,3,12752108
2,,,,,,,,508,1,1,22534819
2,,,,,,,,482,1,1,9186143
10,,,,,,,,236,6,6,12017727
2,,,,,,,,355,1,1,11533389
2,,,,,,,,380,1,1,17209980
2,,,,,,,,612,1,1,22040416
0.5,,,,,,,,429,1,1,26889514
1,,,,,,,,326,1,1,31326934
2,,,,,,,,316,1.5,1.5,4259757
5,501 High Road,,,,,,,232,5,5,35902341
4,,,,,,,,406,4.5,4.5,8526634
3,,,,,,,,496,2,2,2855787
1,40 Bell Road ,,,,,,,436,1,1,25036835
3,7 Disa Place ,,,,,,,674,1,1,34846102
5,,,,,,,,488,2,2,7150141
3,6 Portadown road,,,,,,,511,1,1,20421902
3,,,,,,,,554,1,1,25362950
2,,,,,,,,459,2,2,6803995
5,,,,,,,,190,1.5,1.5,17602295
3,,,,,,,,619,1,1,26734937
1,,,,,,,,165,1,1,6659671
1,,,,,,,,193,1,1,10639631
2,,,,,,,,687,1,1,12648839
,,,,,,,,666,,,31194428
,,,,,,,,369,,,27217785
4,17 Alphonse Way,,,,,,,541,4,4,13800678
4,29 Clevedon road ,,,,,,,373,2,2,30762863
3,3A Adelaide  Road,,,,,,,658,2,2,33656495
4,,,,,,,,154,2,2,19977972
3,,,,,,,,414,1.5,1.5,27059658
4,,,,,,,,363,2,2,13650695
3,,,,,,,,489,1,1,6951394
9,,,,,,,,356,2,2,23716611
2.5,31 BRICKFIELD ROAD ,,,,,,,579,3,3,30841760
2,1 KLOOF STREET ,,,,,,,374,1,1,17003428
4,39 St Catherine Road,,,,,,,355,2,2,28966470
6,,,,,,,,501,6,6,33914629
3,,,,,,,,639,2,2,9337449
2,86 Park Road,,,,,,,260,1,1,16450111
5,3 Broadwalk ,,,,,,,669,4,4,20281960
2,,,,,,,,501,1,1,24604337
3,,,,,,,,591,2,2,21618156
3,,,,,,,,185,1,1,17392953
2,,,,,,,,434,1,1,36429741
2,,,,,,,,416,1,1,11760456
3,,,,,,,,355,2,2,7053635
3,,,,,,,,236,2,2,5872002
3,39  Hely  Street,,,,,,,418,1,1,16763444
2,,,,,,,,382,2,2,34269190
2,,,,,,,,415,1,1,23146943
,,,,,,,,269,4,4,19249930
11,,,,,,,,408,2,2,20937489
1,,,,,,,,672,1,1,9387565
1,,,,,,,,686,1,1,6733213
3,,,,,,,,236,3,3,19409598
4,,,,,,,,471,4,4,13069292
3,,,,,,,,534,2,2,29606306
3,,,,,,,,464,1,1,27607188
2,,,,,,,,262,2,2,12268663
6,,,,,,,,638,4,4,14480150
1,,,,,,,,668,1,1,12876951
2,,,,,,,,507,2,2,11393106
1,,,,,,,,506,1,1,20589611
3,4 Cutter Close,,,,,,,251,2,2,9374498
3,,,,,,,,532,2.5,2.5,13779387
3,,,,,,,,332,2.5,2.5,14227115
3,,,,,,,,588,3,3,30124989
4,,,,,,,,231,3.5,3.5,25564184
3,37 Battle Ridge Road,,,,,,,571,2,2,6602549
3,,,,,,,,430,2,2,4765902
5,,,,,,,,651,3.5,3.5,8357509
4,14 Belmont Avenue,,,,,,,350,3,3,13072399
2,,,,,,,,609,2.5,2.5,5577937
1,38 Bell Road,,,,,,,473,1,1,7590749
3,,,,,,,,547,1,1,18042972
2,,,,,,,,521,2,2,3694461
25,,,,,,,,550,25,25,11676975
,,,,,,,,370,,,3093746
2,,,,,,,,189,2.5,2.5,33661421
3,1 Caleb Street,,,,,,,156,2,2,11221751
3,78 Roodebloem Road,,,,,,,650,2,2,11374622
3,,,,,,,,394,2,2,8005231
2,,,,,,,,677,1,1,31648677
3,,,,,,,,499,1,1,36930505
2,,,,,,,,306,2,2,3022586
4,,,,,,,,643,4.5,4.5,28158901
0.5,,,,,,,,452,1,1,13070414
2,,,,,,,,399,1,1,15115343
2,,,,,,,,421,1,1,18475559
3,,,,,,,,182,0.5,0.5,29164383
3,,,,,,,,228,2,2,23870103
1,,,,,,,,512,1,1,15384778
1,,,,,,,,166,1,1,20462848
3,112 Buitenkant Street,,,,,,,492,3,3,2867825
2,,,,,,,,589,2,2,35007713
3,30 Clydebank Road,,,,,,,286,2.5,2.5,25409579
2,,,,,,,,259,2,2,27730991
5,,,,,,,,413,2,2,26258754
3,,,,,,,,335,2.5,2.5,8377159
,,,,,,,,663,1,1,28041105
2,,,,,,,,559,1,1,11014031
1,,,,,,,,638,1,1,35277303
1,,,,,,,,394,1,1,13420224
4,48 Spurwing ,,,,,,,193,4,4,7418743
4,,,,,,,,150,4,4,16531811
2,,,,,,,,504,1,1,36687471
3,,,,,,,,180,2.5,2.5,7434481
3,,,,,,,,676,2,2,20898445
,,,,,,,,541,2,2,32718583
2,,,,,,,,164,1,1,8031377
2,,,,,,,,629,1.5,1.5,24166252
3,17 Plumtree lodge ,,,,,,,408,2,2,26824815
4,62 Sandown Road ,,,,,,,473,3,3,25447847
2,5 East Lee ,,,,,,,378,1,1,24780303
3,,,,,,,,482,1,1,11421451
7,,,,,,,,552,5,5,5717385
2,,,,,,,,367,2,2,14359879
3,,,,,,,,569,2.5,2.5,35593796
2,135 Campground Road,,,,,,,436,2,2,16446323
2,,,,,,,,665,2,2,19180350
3,25 Protea Road,,,,,,,194,2,2,13483986
3,4A Purley Street,,,,,,,185,2,2,26004558
4,19  Woodford Avenue,,,,,,,269,3,3,29443349
2,61 Ritchie Street,,,,,,,295,2,2,31263678
30,526 Lansdowne  Road,,,,,,,250,,,29397455
3,139 Main Road ,,,,,,,688,2,2,31784403
3,14 Woodley Road,,,,,,,664,1,1,14057225
9,,,,,,,,172,5,5,14180408
3,,,,,,,,633,1,1,36499362
4,,,,,,,,162,6,6,25392673
2,,,,,,,,277,1,1,24578647
3,,,,,,,,250,2,2,33315306
0.5,53 Main Road,,,,,,,352,1,1,3505148
4,,,,,,,,653,2,2,32641227
2,,,,,,,,700,1,1,15917284
0.5,,,,,,,,681,1,1,24423058
2,,,,,,,,216,1,1,21502701
2,,,,,,,,592,2,2,32643390
4,,,,,,,,521,2,2,20299978
4,,,,,,,,319,3,3,29928197
3,,,,,,,,629,2,2,5640275
1,,,,,,,,251,1,1,10969710
3,11 Normandy Crescent,,,,,,,537,2,2,19657308
2,5 East Lee ,,,,,,,533,1,1,36077087
,,,,,,,,431,,,16566850
1,,,,,,,,621,1,1,14156879
3,10 East Lake  Way,,,,,,,229,2,2,27032486
2,,,,,,,,620,1,1,16802739
3,,,,,,,,471,1,1,22757536
5,2 Constantiaberg Close,,,,,,,627,3,3,10918152
9,5 Hellenburgh Road,,,,,,,168,7,7,20864193
2,28 Sunset Crescent ,,,,,,,491,1,1,27980432
4,,,,,,,,681,2,2,20571525
4,,,,,,,,651,2,2,20336648
5,,,,,,,,503,6.5,6.5,5459321
4,,,,,,,,530,3,3,10008959
1,,,,,,,,374,1,1,36042113
3,,,,,,,,350,2,2,4781544
2,,,,,,,,213,1,1,19720489
3,10 Lomond Street,,,,,,,590,1,1,10066620
3,,,,,,,,295,1,1,12052351
1,,,,,,,,215,1,1,3116979
2,,,,,,,,505,2,2,23853321
2,5 Cariginan Lane,,,,,,,334,1,1,32720010
2,,,,,,,,245,2,2,22016679
3,18 Spoon Street,,,,,,,571,2.5,2.5,23549440
3,27 Service Road,,,,,,,394,2,2,13796233
0.5,,,,,,,,312,1,1,32440866
0.5,,,,,,,,632,1,1,5634476
2,4 Hermitage Road ,,,,,,,342,1,1,27796819
3,,,,,,,,395,2,2,4840610
1,,,,,,,,324,1,1,7229745
2,,,,,,,,351,2,2,12568894
1,,,,,,,,315,1,1,25841600
1,,,,,,,,348,1,1,6423706
3,,,,,,,,156,1,1,16384302
3,,,,,,,,530,2,2,18032396
2,13 Ednam Mews ,,,,,,,230,1,1,16661641
2,,,,,,,,419,2,2,16790794
7,,,,,,,,383,7,7,34845525
4,,,,,,,,516,2,2,12808173
4,,,,,,,,452,4.5,4.5,11326053
4,,,,,,,,234,4.5,4.5,29031171
4,,,,,,,,643,2.5,2.5,3404001
0.5,,,,,,,,604,1,1,32824914
2,,,,,,,,311,1,1,20743334
1,,,,,,,,155,1,1,30790433
3,6 Niblick Street,,,,,,,234,2,2,3028601
1,,,,,,,,202,1,1,18537889
4,,,,,,,,610,4.5,4.5,13224230
1,,,,,,,,689,1,1,28533830
,4C Camp Road  ,,,,,,,497,,,8207395
2,,,,,,,,331,2,2,2787431
3,,,,,,,,596,1,1,26682726
,,,,,,,,359,,,2614007
2,,,,,,,,500,2.5,2.5,36900590
5,1 Ventnor ,,,,,,,210,3,3,6729065
1,10 Orstende ,,,,,,,544,1,1,26494945
3,4 Plumtree lodge ,,,,,,,619,2,2,11439080
4,5 Petricia Road ,,,,,,,356,3,3,36646209
2,SCHOONGEZICHT ,,,,,,,284,2,2,14158811
3,"601 Emeraldene, 15 Aliwal Road ",,,,,,,200,2,2,5345223
3,2 Grape Lane ,,,,,,,481,2,2,34647653
2,2 Derby Court ,,,,,,,539,1,1,21569912
0.5,,,,,,,,609,1,1,13463067
3,,,,,,,,352,3,3,16416403
3,,,,,,,,224,3,3,10833396
5,,,,,,,,637,5,5,24573245
2,,,,,,,,660,1,1,7627901
2,,,,,,,,362,2,2,15016524
4,,,,,,,,591,1,1,17141290
4,,,,,,,,631,4.5,4.5,31530374
4,,,,,,,,574,3,3,20962858
6,,,,,,,,590,6,6,16654805
4,,,,,,,,288,2,2,18393635
4,,,,,,,,259,3,3,7120645
1,,,,,,,,225,1,1,17477937
4,,,,,,,,368,4,4,4747292
6,,,,,,,,521,6,6,12749010
3,,,,,,,,193,3,3,20193244
4,,,,,,,,543,3,3,30289500
3,,,,,,,,233,3,3,28532553
8,,,,,,,,167,7,7,31213690
9,,,,,,,,330,9,9,9983522
13,,,,,,,,406,14,14,27914992
4,,,,,,,,445,2,2,8664101
5,,,,,,,,324,5,5,7177598
5,,,,,,,,316,4,4,21315604
1,,,,,,,,535,1,1,15473302
2,,,,,,,,316,1,1,16469334
5,6 Kromboom ,,,,,,,180,3,3,24596092
1,,,,,,,,420,1,1,19112552
2,,,,,,,,374,1,1,13547592
3,,,,,,,,553,2.5,2.5,10353131
5,,,,,,,,650,5,5,8240893
5,,,,,,,,568,2,2,27397294
2,39 Grove ,,,,,,,266,1,1,14129175
2,32 Rylands ,,,,,,,616,1,1,33284602
3,,,,,,,,262,2,2,20566073
2,,,,,,,,434,1,1,33324621
1,,,,,,,,368,1,1,8276828
3,,,,,,,,681,1.5,1.5,27550946
2,,,,,,,,186,3,3,17920070
2,,,,,,,,202,1,1,26112436
2,,,,,,,,346,2.5,2.5,30851147
,,,,,,,,627,,,23499518
2,,,,,,,,274,2,2,36602817
2,,,,,,,,683,2,2,23187114
2,12 Brooke Street ,,,,,,,398,2,2,24903459
2,,,,,,,,511,1,1,33642431
4,,,,,,,,692,2,2,10271013
4,,,,,,,,564,3.5,3.5,23631442
3,,,,,,,,662,3,3,27591042
3,,,,,,,,636,3,3,22275467
2,,,,,,,,313,1,1,28728728
2,,,,,,,,279,1,1,33854047
2,,,,,,,,297,2,2,33483608
4,,,,,,,,384,4,4,33743028
3,,,,,,,,226,3.5,3.5,4888358
4,,,,,,,,664,3,3,33441276
4,,,,,,,,346,3,3,29068219
2,,,,,,,,166,1,1,4404210
1,,,,,,,,608,1,1,17432400
3,,,,,,,,535,2,2,9114339
3,,,,,,,,238,2,2,15209039
3,,,,,,,,588,5,5,12389833
3,,,,,,,,271,2.5,2.5,11718628
3,,,,,,,,313,2,2,33846828
2,20  Rhodesia road  ,,,,,,,629,1,1,16709905
3,14 Windsor  Road,,,,,,,323,3,3,32807536
3,,,,,,,,297,2,2,36368108
4,,,,,,,,441,2,2,21105745
3,,,,,,,,323,3,3,26268275
3,,,,,,,,310,2,2,35442481
7,,,,,,,,252,7,7,29625190
4,,,,,,,,496,3.5,3.5,11828430
2,,,,,,,,609,1,1,28771644
3,,,,,,,,616,3,3,6840740
1,,,,,,,,188,1,1,10642928
3,,,,,,,,240,2,2,21877588
3,,,,,,,,161,1,1,26372741
2,21 Royal Road,,,,,,,475,1,1,9238904
4,,,,,,,,189,4,4,33221065
4,,,,,,,,201,4,4,20149979
4,,,,,,,,654,3.5,3.5,26774441
3,,,,,,,,254,3,3,14080891
3,4 La Ruelle ,,,,,,,417,2,2,21221669
2,,,,,,,,536,1,1,30320858
2,,,,,,,,245,1,1,20587437
3,6 Solomons Road,,,,,,,368,2,2,31980561
0.5,,,,,,,,523,1,1,3723582
2,13 Grotto /road ,,,,,,,620,1,1,7481903
3,,,,,,,,680,3.5,3.5,36735097
3,13 Greenfields Road,,,,,,,584,2,2,36917280
2,,,,,,,,646,1,1,3442247
2,,,,,,,,367,2,2,34760915
2,27  Devon  Street,,,,,,,673,1,1,28781116
3,,,,,,,,243,2,2,36900855
4,,,,,,,,171,3.5,3.5,27464021
,412 Govan Mbeki Road,,,,,,,194,,,24783398
,400 Govan Mbeki Road,,,,,,,327,,,32426940
2,,,,,,,,203,1,1,19430921
3,,,,,,,,485,3,3,20204760
,,,,,,,,668,,,5742719
,86 Princessvlei  Road,,,,,,,598,3,3,6643523
,5 Govan Mbeki Drive ,,,,,,,486,,,20999061
,,,,,,,,229,,,20793207
3,,,,,,,,687,2,2,11265775
,,,,,,,,681,,,24293748
1,,,,,,,,410,1.5,1.5,35436023
3,,,,,,,,426,3,3,26100011
1,,,,,,,,592,1,1,5696698
,,,,,,,,295,,,13720129
3.5,,,,,,,,195,3,3,20705801
4,,,,,,,,484,4,4,33500930
2,,,,,,,,354,2,2,21497753
1,,,,,,,,590,1,1,29188558
5,,,,,,,,588,5,5,26881829
2,4 Bell Road,,,,,,,477,1.5,1.5,6153224
3,118 Fisherman Street,,,,,,,633,2,2,19016525
2,,,,,,,,453,1,1,28008807
1,,,,,,,,156,1,1,28568209
4,,,,,,,,618,4,4,25560829
,,,,,,,,274,,,17292823
,,,,,,,,301,,,6650713
0.5,,,,,,,,503,1,1,13988070
1.5,,,,,,,,472,1,1,19361746
2,1 First Avenue ,,,,,,,385,1,1,3224228
2,,,,,,,,593,2,2,6324838
1,,,,,,,,501,1,1,7928419
2,16 Kinkleway Close ,,,,,,,426,2,2,20038328
2,,,,,,,,390,1,1,17845032
3,,,,,,,,207,2,2,15194307
6,,,,,,,,505,3,3,24769727
3,,,,,,,,559,2,2,28453526
3,,,,,,,,485,2,2,35613938
2,,,,,,,,475,1,1,16333906
2,,,,,,,,454,1,1,28659021
,,,,,,,,318,,,20346333
1,,,,,,,,210,1,1,18799737
2,9 St Kilda Close ,,,,,,,663,2,2,13333481
4,162 Churchill Road ,,,,,,,678,2,2,16889378
3,16 Derbyshire ,,,,,,,628,2,2,17716250
3,1 Forest Glade ,,,,,,,218,2,2,19402643
1,,,,,,,,229,1,1,10838648
2,,,,,,,,302,2,2,12295979
7,,,,,,,,424,5,5,20655089
1,,,,,,,,653,1,1,24526354
2,,,,,,,,640,2,2,7829543
3,58 Valentino ,,,,,,,278,2,2,11800111
1,,,,,,,,204,1,1,35541176
4,7 Hugon Road ,,,,,,,425,2,2,35409310
0.5,,,,,,,,460,0.5,0.5,21698001
1,25 St Andrews ,,,,,,,258,1,1,7514320
2,40 Trill Road ,,,,,,,469,2,2,19386635
2,423 Main Road ,,,,,,,431,2,2,24480480
,,,,,,,,294,,,2789217
4,37 Sunwood Drive ,,,,,,,286,3,3,5852782
5,,,,,,,,582,3,3,24682250
2,,,,,,,,532,2,2,27871726
3,243 Lower Main Road,,,,,,,178,3,3,21907379
3,1 Purley Street,,,,,,,510,3,3,24706756
3,121 Range Road ,,,,,,,205,1,1,13980220
3,11 Gumtree ,,,,,,,485,3,3,31064523
3,,,,,,,,204,2,2,2750141
3,,,,,,,,576,2.5,2.5,35231056
5,44 Strubens Road,,,,,,,513,2,2,15745891
4,26 Aiken Road,,,,,,,618,2,2,12648962
3,54 Rosmead Avenue ,,,,,,,625,2,2,35018297
1,,,,,,,,600,1,1,13072121
1,12 Brooke Street ,,,,,,,269,1,1,21887511
3,17 Monterey Avenue,,,,,,,576,2.5,2.5,30865902
2,,,,,,,,210,1,1,13230673
2,1 Victoria Walk,,,,,,,382,1,1,25462777
,5 Greenville road,,,,,,,308,2,2,9302118
2,,,,,,,,687,2,2,13824221
5,,,,,,,,631,2,2,31759768
1,,,,,,,,570,1,1,33707231
,,,,,,,,472,1,1,17064553
3,,,,,,,,686,2,2,8538060
3,,,,,,,,220,2,2,4864525
4,264 Main Road,,,,,,,158,2,2,19271310
2,,,,,,,,345,1,1,8004170
3,,,,,,,,281,1,1,9995889
4,,,,,,,,526,5,5,16261983
2,,,,,,,,272,1,1,6111480
8,,,,,,,,333,8.5,8.5,14529582
2,,,,,,,,696,2,2,14395240
2,,,,,,,,415,2,2,22491499
3,72 Blomvlei road,,,,,,,515,1,1,9449968
1,,,,,,,,513,1,1,34704711
2,,,,,,,,258,2,2,27681557
,,,,,,,,404,,,18351341
4,,,,,,,,653,2,2,22733824
3,,,,,,,,492,2,2,4420479
8,,,,,,,,612,8,8,21988646
2,,,,,,,,179,2,2,27510479
2,,,,,,,,358,2,2,25782332
2,,,,,,,,542,2,2,14143495
4,9 Rutherford  Way,,,,,,,435,3,3,14529632
1,,,,,,,,502,1,1,7837041
4,,,,,,,,195,4.5,4.5,30758235
3,6 UPPER CHAMBERLAIN ,,,,,,,399,1,1,25217788
2,,,,,,,,698,2,2,22142673
2,,,,,,,,586,1,1,25653382
6,,,,,,,,271,6,6,14966120
3.5,,,,,,,,445,3,3,30191889
6,,,,,,,,464,6,6,23399064
4,,,,,,,,418,4,4,19725643
3,,,,,,,,156,2.5,2.5,14664144
3,,,,,,,,359,2,2,6022359
1,,,,,,,,582,1,1,22098485
4,,,,,,,,270,3.5,3.5,6587864
4,,,,,,,,515,3.5,3.5,18098078
4,,,,,,,,240,4,4,10276820
4,,,,,,,,451,3,3,7452535
3,,,,,,,,419,2.5,2.5,13997826
1,,,,,,,,357,1,1,19070729
3,,,,,,,,178,3,3,12605863
2,1 Jane Avenue,,,,,,,487,1,1,24299118
2,,,,,,,,167,1,1,21410339
1,,,,,,,,560,1,1,6397688
1,,,,,,,,328,1,1,9010383
2,1 Jane Avenue,,,,,,,629,1,1,15604348
3,,,,,,,,311,2,2,29753998
3,,,,,,,,370,2,2,12306913
2,,,,,,,,332,2,2,12343254
4,,,,,,,,611,4,4,7758031
2,,,,,,,,446,1,1,25316769
,,,,,,,,409,,,32540079
,,,,,,,,506,,,4567940
3,,,,,,,,626,2,2,3662222
2,,,,,,,,579,2,2,17059199
2,,,,,,,,280,1,1,20546140
2,,,,,,,,458,2,2,32341766
1,,,,,,,,154,1,1,21746402
3,,,,,,,,400,2,2,36452567
1,,,,,,,,376,1,1,14278409
1,,,,,,,,284,1,1,33336812
1,,,,,,,,663,1,1,26831210
4,,,,,,,,335,3,3,24533379
2,13 McKinley Road,,,,,,,647,1,1,7430494
4,25 Cedar Road,,,,,,,422,3,3,20553118
2,,,,,,,,549,2,2,8656369
2,,,,,,,,330,1,1,34556282
3,,,,,,,,210,1,1,33577458
0.5,,,,,,,,317,1,1,12586307
2,,,,,,,,613,1,1,28875102
2,"1102 Doncaster, ",,,,,,,651,1,1,4387108
2,1 Long Street,,,,,,,567,2,2,22667870
3,54 Regent Street,,,,,,,451,3,3,25675691
2,,,,,,,,186,2,2,5273143
2,114 Main Road,,,,,,,278,2,2,27773917
3,,,,,,,,577,2,2,2597542
1,,,,,,,,288,1,1,8686472
4,9 Rifle Road,,,,,,,200,2,2,19897741
,,,,,,,,308,1,1,34415491
2,,,,,,,,476,1.5,1.5,34239031
,,,,,,,,569,,,36571808
1,,,,,,,,468,1,1,36065201
1,,,,,,,,405,1,1,27109642
1,,,,,,,,308,1,1,10019446
1,,,,,,,,362,1,1,8755062
2,,,,,,,,469,2,2,26725203
2,,,,,,,,409,1,1,22823544
1,,,,,,,,544,1,1,16217699
1,,,,,,,,350,1,1,24931176
1,,,,,,,,620,1,1,35626292
,,,,,,,,449,1,1,24639345
1,,,,,,,,402,1.5,1.5,32743010
5,,,,,,,,658,2,2,12264508
2,,,,,,,,316,1,1,30194670
1,,,,,,,,389,2,2,3778065
1,,,,,,,,166,1,1,24556510
,,,,,,,,494,1,1,3143032
1,,,,,,,,153,1,1,35317555
2,,,,,,,,547,1,1,30217671
2,,,,,,,,200,1,1,31670570
6,,,,,,,,285,2,2,10362864
2,,,,,,,,345,2,2,29219700
,,,,,,,,451,1,1,26789295
1,,,,,,,,680,1,1,19705337
3,,,,,,,,675,2,2,20812881
1,,,,,,,,632,1,1,22235206
2,,,,,,,,521,2,2,3765573
1,,,,,,,,614,1,1,18152334
2,,,,,,,,368,2,2,20522833
1,,,,,,,,412,1,1,16367786
2,,,,,,,,672,2,2,33625282
,,,,,,,,700,,,35912771
2,,,,,,,,374,2,2,26587228
1,,,,,,,,315,1,1,22662386
2,,,,,,,,484,2,2,29451877
1,,,,,,,,335,1,1,36492449
2,,,,,,,,475,1,1,26519410
7,,,,,,,,420,7,7,3003540
4,,,,,,,,490,4.5,4.5,31266307
2,,,,,,,,258,1,1,6318608
2,,,,,,,,621,2,2,32374381
0.5,,,,,,,,356,1,1,3207154
2,,,,,,,,327,1,1,27303933
2,,,,,,,,674,1.5,1.5,17220868
2,,,,,,,,521,2,2,25747526
4,,,,,,,,513,1,1,13496212
3,9 Ilkley Crescent,,,,,,,485,3.5,3.5,12523497
3,103 Regent Road,,,,,,,494,3,3,6159666
5,,,,,,,,472,3.5,3.5,33993292
3,,,,,,,,547,3,3,17092590
2,,,,,,,,317,1,1,34153314
3,,,,,,,,505,3,3,23745310
,,,,,,,,490,,,30891163
3,,,,,,,,398,2,2,6432203
2,,,,,,,,438,2,2,6063178
4,,,,,,,,535,4.5,4.5,30774621
3,,,,,,,,214,1,1,6379797
4,,,,,,,,533,1,1,4719004
21,,,,,,,,204,10,10,33894396
2,,,,,,,,669,1,1,26928065
3,,,,,,,,522,2,2,5927582
2,,,,,,,,642,0.5,0.5,4162510
2,,,,,,,,496,1,1,21480633
2,,,,,,,,660,2,2,28478382
2,,,,,,,,195,1,1,17297423
2,,,,,,,,497,1,1,31248108
6,,,,,,,,224,1,1,36648036
3,,,,,,,,299,1,1,35406458
1,,,,,,,,429,1,1,21637614
3,,,,,,,,302,1,1,2990182
2,,,,,,,,572,1,1,33730076
2,,,,,,,,443,2,2,33733291
2,,,,,,,,390,2,2,2929522
3,63 Doordrift Road,,,,,,,670,1,1,5942576
1,,,,,,,,293,1,1,6605528
1,,,,,,,,341,1,1,33200099
1,,,,,,,,480,1,1,30788229
5,,,,,,,,397,5.5,5.5,6668329
1,,,,,,,,414,1,1,26620772
1.5,,,,,,,,451,1,1,21162576
1,,,,,,,,239,1,1,25154985
2,,,,,,,,524,1,1,26217884
2,,,,,,,,604,1,1,15821797
,,,,,,,,633,,,9521633
1,37 Beach Road,,,,,,,466,1,1,33831928
1,31 Brickfield Road,,,,,,,627,1,1,21665880
2,,,,,,,,345,2,2,20207296
2,,,,,,,,344,2,2,17163582
1,,,,,,,,521,1,1,26133975
2,,,,,,,,452,1,1,19269093
0.5,,,,,,,,280,1,1,26192584
1,,,,,,,,154,1,1,2734353
1,,,,,,,,622,1,1,23233080
4,,,,,,,,157,2,2,24309251
0.5,,,,,,,,695,1,1,13023977
0.5,,,,,,,,600,1,1,19518116
1,,,,,,,,516,1,1,14277706
2,,,,,,,,571,1,1,17685614
1,,,,,,,,281,1,1,11076768
3,,,,,,,,598,1,1,16475967
0.5,,,,,,,,698,0.5,0.5,15561699
2,10 Greenfield Road,,,,,,,202,1,1,33708637
4,,,,,,,,229,2,2,36991017
6,,,,,,,,594,2.5,2.5,32433851
5,,,,,,,,467,3,3,6429715
1,,,,,,,,324,1,1,25136914
1,,,,,,,,663,1,1,8480000
2,38 Clifton Road,,,,,,,273,1,1,17308379
4,,,,,,,,692,2.5,2.5,27521397
2,,,,,,,,370,1,1,7863697
4,,,,,,,,553,3,3,3819525
3,,,,,,,,304,3.5,3.5,19904244
3,29 Camelia Close,,,,,,,306,3,3,3580227
3,,,,,,,,459,3.5,3.5,6020569
1,,,,,,,,666,1,1,26924578
5,,,,,,,,485,6.5,6.5,33841265
2,,,,,,,,533,2,2,16357223
3,,,,,,,,328,2,2,18137211
5,,,,,,,,179,2,2,20158844
5,14 St Michaels Road,,,,,,,429,5,5,3205894
5,3 Soetvlei Avenue ,,,,,,,234,4,4,23410356
4,,,,,,,,195,3.5,3.5,15489074
6,,,,,,,,407,5,5,34301478
2,,,,,,,,391,2.5,2.5,5200576
2,15 Cumnor Avenue,,,,,,,408,1,1,19779287
3,,,,,,,,285,3,3,32565586
4,,,,,,,,403,2,2,27088283
3,,,,,,,,456,2,2,19485517
2,,,,,,,,213,2.5,2.5,5748874
2,,,,,,,,535,2,2,10926642
2,,,,,,,,320,2,2,36472732
2,,,,,,,,622,2,2,3514181
4,,,,,,,,361,3,3,13714371
3,,,,,,,,613,2,2,28166982
33,8 Isabel Avenue ,,,,,,,551,2,2,34855647
4,40 Wessels Road ,,,,,,,351,2,2,36370781
4,,,,,,,,662,5,5,27910069
1,,,,,,,,383,1,1,22927931
2,,,,,,,,396,1,1,32675472
1,,,,,,,,445,1,1,7371433
1,,,,,,,,341,1,1,4578926
2,,,,,,,,687,1,1,7193094
1,,,,,,,,222,1,1,23758240
2,,,,,,,,160,2,2,13951979
4,,,,,,,,321,3,3,30133712
2,,,,,,,,485,2,2,7495983
,,,,,,,,332,,,29641200
3,,,,,,,,284,1,1,11404934
2,,,,,,,,353,1,1,36956017
3,,,,,,,,418,2,2,14542677
7,1 Schaap Road,,,,,,,631,4,4,30894176
2,,,,,,,,284,1,1,14960933
3,,,,,,,,619,2,2,13155800
3,,,,,,,,393,2,2,5288310
3,,,,,,,,385,2.5,2.5,24713379
3,,,,,,,,642,2,2,13022655
2,,,,,,,,598,1,1,28003777
3,7  Seagull  Crescent,,,,,,,178,2,2,35751431
3,155 Macgregor Street,,,,,,,467,1,1,9864187
4,,,,,,,,591,2,2,16274782
1,,,,,,,,187,1,1,3449271
1,,,,,,,,455,1,1,18048336
2,,,,,,,,386,2,2,33823782
4,,,,,,,,182,1,1,8408547
4,,,,,,,,359,2,2,12153209
3,,,,,,,,397,2,2,25638307
3,,,,,,,,564,2,2,12661199
3,,,,,,,,463,2,2,14087382
3,,,,,,,,424,2,2,30770096
3,,,,,,,,508,1,1,34752952
3,3  Welgemeend Street,,,,,,,442,2,2,12151094
3,,,,,,,,509,1,1,35563318
2,43 Valentino Drive,,,,,,,573,1,1,35695540
3,60 Bellevue  Street,,,,,,,426,2,2,11991599
4,,,,,,,,166,2,2,2777497
3,8 Epworth Road ,,,,,,,677,2,2,12077115
3,,,,,,,,209,1,1,21396983
2,,,,,,,,568,1,1,16358209
2,,,,,,,,669,1,1,30140156
4,,,,,,,,421,2.5,2.5,24933004
1,,,,,,,,654,1,1,36299648
5,,,,,,,,394,2,2,27230611
4,,,,,,,,292,2,2,31621663
3,3 Covendon Road,,,,,,,218,3,3,25638315
6,19 Eugene Marias Avenue,,,,,,,535,6,6,8192672
3,,,,,,,,644,1,1,25869394
5,,,,,,,,580,2,2,10762256
2,,,,,,,,442,1,1,26421267
3,,,,,,,,689,1,1,35308025
4,,,,,,,,640,2,2,17576808
3,6 Pinewood Road,,,,,,,314,2,2,27741752
4,33 Bishopscourt Road ,,,,,,,228,2,2,5980222
3,,,,,,,,654,3,3,23591932
2,,,,,,,,199,2,2,5514386
5,,,,,,,,271,2,2,5473050
15,99 Southern Cross ,,,,,,,698,9,9,21531858
1,,,,,,,,372,1,1,30229027
2,,,,,,,,443,2,2,4060520
3,,,,,,,,628,2,2,6501522
2,,,,,,,,493,2,2,32398470
2,,,,,,,,330,1,1,31545980
,33 Herengracht Street,,,,,,,180,,,34982008
1,5 Howe ,,,,,,,392,1,1,15492902
1,97 Cecil Road,,,,,,,564,1,1,23196974
1,,,,,,,,272,2,2,6861540
2,,,,,,,,684,1,1,36462500
2,,,,,,,,260,2.5,2.5,20735854
2,,,,,,,,672,1,1,4714926
4,,,,,,,,570,2,2,9659659
2,,,,,,,,415,2,2,28946409
2,,,,,,,,316,1,1,34585492
2,255 Main Road,,,,,,,344,1,1,20848897
1,,,,,,,,423,1,1,4166524
2,,,,,,,,278,2,2,17358031
2,,,,,,,,399,1.5,1.5,8394266
4,,,,,,,,612,4,4,19114029
4,,,,,,,,528,3.5,3.5,9729464
2,,,,,,,,200,2,2,10573371
1,3 Knutsford Road,,,,,,,626,1,1,21681473
2,,,,,,,,423,1,1,36682675
2,,,,,,,,250,1,1,28574728
3,,,,,,,,698,2.5,2.5,15842447
4,6 Mead Way,,,,,,,176,4,4,27403254
5,7 Aurora Street,,,,,,,402,3.5,3.5,5226429
,,,,,,,,260,,,12439965
,,,,,,,,171,,,22963756
0.5,,,,,,,,219,1,1,32463094
2,,,,,,,,287,1,1,10414888
4,,,,,,,,278,4,4,29523662
3,,,,,,,,663,3,3,6784621
3,,,,,,,,232,2,2,15112873
4,,,,,,,,587,3,3,33830184
3,,,,,,,,355,2.5,2.5,21897330
1,174 Milner Road,,,,,,,448,1,1,31588931
3,,,,,,,,225,1,1,7351753
1,,,,,,,,688,1,1,17330254
2,,,,,,,,331,1.5,1.5,31988119
2,,,,,,,,211,2,2,6417780
3,,,,,,,,605,3,3,36798766
3,"22 Campground, Rosebank, Cape Town ",,,,,,,271,2,2,33797327
2,,,,,,,,371,1,1,25931365
2,,,,,,,,563,1,1,7054549
3,,,,,,,,621,1.5,1.5,34820837
2,,,,,,,,581,2,2,17828951
4,,,,,,,,181,4,4,10169666
2,,,,,,,,378,1,1,14754653
0.5,57 Victoria Road,,,,,,,327,1,1,24806515
5,,,,,,,,203,3.5,3.5,12880932
3,,,,,,,,535,1,1,15148241
2,,,,,,,,636,1,1,29304525
3,,,,,,,,480,3.5,3.5,8083483
4,,,,,,,,618,1.5,1.5,8615048
6,,,,,,,,168,4.5,4.5,2776760
3,,,,,,,,402,1,1,22440410
3,10 East Lake  Way,,,,,,,503,2,2,7258055
3,80 Belvedere Road,,,,,,,262,1,1,27401781
3,33 Driver Road,,,,,,,397,2,2,14071197
3,,,,,,,,545,2,2,25870725
3,29 Ringwood  Drive,,,,,,,303,2,2,11231454
1,,,,,,,,345,1,1,23557546
2,,,,,,,,585,1,1,2638344
2,13A Loch Road,,,,,,,644,1,1,8007437
3,,,,,,,,237,1,1,23831849
3,,,,,,,,384,2,2,32526068
3,,,,,,,,296,1,1,26018756
2,1 Phillips road,,,,,,,437,1,1,35448297
2,,,,,,,,248,2,2,23532843
2,,,,,,,,536,2,2,6302941
2,10 Blenheim Road,,,,,,,162,2,2,14935179
2,,,,,,,,492,1,1,27953174
5,,,,,,,,235,2,2,27399139
4,,,,,,,,246,5,5,17926806
5,,,,,,,,548,4,4,34153449
1,,,,,,,,536,1,1,16471614
2,,,,,,,,273,2,2,22244864
0.5,,,,,,,,306,1,1,14068953
1,,,,,,,,468,2,2,25670458
2,,,,,,,,597,1,1,33674436
2,,,,,,,,472,2,2,9440816
3,,,,,,,,157,1,1,10879102
2,,,,,,,,277,1,1,30458387
2,,,,,,,,357,1,1,28694868
4,,,,,,,,619,3.5,3.5,31089755
2,,,,,,,,638,2,2,35672566
2,,,,,,,,664,1,1,21454368
3,,,,,,,,683,3,3,29848555
5,9 Belfast Road,,,,,,,217,4,4,14433063
2,,,,,,,,379,2,2,14283188
2,,,,,,,,575,1,1,10106676
2,,,,,,,,459,1,1,30404137
2,,,,,,,,645,1,1,36571796
2,21 ROYAL ROAD ,,,,,,,288,1,1,25063886
3,,,,,,,,222,2,2,34664576
2,,,,,,,,329,1,1,25348180
3,,,,,,,,402,2.5,2.5,13550576
1,,,,,,,,225,1,1,28577929
,,,,,,,,677,,,34011624
3,,,,,,,,698,2,2,26750264
2,,,,,,,,289,2,2,21964622
2,,,,,,,,267,1,1,22941816
3,,,,,,,,283,2,2,7335912
3,,,,,,,,248,2,2,29032077
5,36 De Hoop Avenue,,,,,,,349,5,5,27313637
2,,,,,,,,659,2.5,2.5,18667708
4,,,,,,,,202,4,4,27521295
2,,,,,,,,238,1.5,1.5,5454552
,,,,,,,,594,,,36754394
2,,,,,,,,394,1,1,25840882
2,4 Birmingham  Road,,,,,,,192,2,2,15164272
1,,,,,,,,441,1,1,24659904
1,,,,,,,,311,1,1,18510160
2,44 St Michaels ,,,,,,,517,1,1,32029678
2,,,,,,,,532,2,2,16538439
1,,,,,,,,664,1,1,9276631
3,,,,,,,,230,1,1,20264207
3,,,,,,,,629,3.5,3.5,17790265
7,32 Duckitt Avenue ,,,,,,,426,5,5,10063849
5,43 Ladies Mile ,,,,,,,242,4,4,11139611
4,19 Victory Street ,,,,,,,358,3,3,10163714
9,,,,,,,,603,3,3,11473177
7,25 Central Avenue,,,,,,,539,4,4,21096862
7,13 Schilpadvlei   Road,,,,,,,353,6.5,6.5,12664504
6,,,,,,,,444,6,6,36275931
9,,,,,,,,465,6,6,19224241
2,7 Fortress ,,,,,,,313,2,2,17382200
2,,,,,,,,696,2.5,2.5,29527424
2,,,,,,,,686,2,2,24648236
5,,,,,,,,361,1,1,4580603
4,,,,,,,,695,4.5,4.5,26364879
0.5,1 KLOOF STREET ,,,,,,,217,1,1,11091323
3,,,,,,,,682,2,2,6433482
3,,,,,,,,608,3,3,18100245
4,,,,,,,,496,3,3,28361816
,,,,,,,,518,1,1,12462807
,,,,,,,,529,,,7678105
2,,,,,,,,197,1,1,17060076
0.5,,,,,,,,160,1,1,36790111
1,74D Harfield Road,,,,,,,187,1,1,35195163
2,,,,,,,,661,2,2,18054197
5,,,,,,,,230,4,4,24507381
3,2 Leervis Close,,,,,,,263,2,2,12391516
4,,,,,,,,410,2,2,11407103
3,,,,,,,,680,1,1,17541819
6,18 Mount Nelson Road,,,,,,,189,6,6,34536184
3,,,,,,,,625,3,3,7817057
,,,,,,,,287,,,25934345
1,,,,,,,,473,1,1,5436146
2,,,,,,,,662,1,1,18563045
3,,,,,,,,298,1,1,6770566
2,80 Main  Road,,,,,,,299,1.5,1.5,29544031
4,,,,,,,,460,2,2,22168442
3,,,,,,,,639,2,2,27507362
2,,,,,,,,633,1,1,18765490
2,,,,,,,,585,1,1,7172149
5,,,,,,,,633,5,5,27768475
3,,,,,,,,617,2.5,2.5,19599224
2,,,,,,,,490,1,1,31247596
2,,,,,,,,223,1,1,30999094
2,,,,,,,,247,1,1,32054384
2,,,,,,,,671,1,1,30672235
3,,,,,,,,556,2,2,4024907
1,,,,,,,,188,1,1,13088071
2,,,,,,,,324,1,1,7162794
1,,,,,,,,683,1,1,33367293
2,20 Royal Road,,,,,,,479,2,2,23548480
,,,,,,,,404,,,17539973
4,,,,,,,,421,6,6,17790137
2,,,,,,,,294,2,2,32698716
2,,,,,,,,536,2,2,25533532
3,,,,,,,,608,3.5,3.5,14842039
2,,,,,,,,151,1,1,19960367
1,,,,,,,,593,1,1,26449540
2,,,,,,,,464,1,1,8817205
2,20A St. Johns Road,,,,,,,320,1.5,1.5,22933547
2,,,,,,,,414,2,2,23112999
2,,,,,,,,556,1,1,27451775
3,,,,,,,,522,3.5,3.5,8088083
4,,,,,,,,385,5,5,13467726
3,,,,,,,,697,2,2,18638578
3,,,,,,,,606,2,2,3212776
2,,,,,,,,671,1,1,20728667
,,,,,,,,374,1,1,21538846
2,,,,,,,,222,1.5,1.5,29946430
2,,,,,,,,438,1,1,8832140
1,,,,,,,,180,1,1,7664470
4,,,,,,,,369,4,4,19557686
3,32B Mile End Road,,,,,,,644,1,1,20682480
2,,,,,,,,235,2,2,23796268
12,,,,,,,,613,10,10,11546267
7,,,,,,,,152,4,4,36292217
2,,,,,,,,675,2,2,10836574
2,9 Morom  Road,,,,,,,527,1,1,32281018
1,,,,,,,,494,1,1,5412730
4,,,,,,,,457,2,2,35270479
1,,,,,,,,603,1,1,11061365
2,,,,,,,,629,2,2,16569930
4,,,,,,,,205,2,2,16558707
13,,,,,,,,562,13,13,19006509
2,,,,,,,,326,2,2,16870044
3,,,,,,,,398,3,3,36856470
1,,,,,,,,654,1,1,30341455
2,,,,,,,,487,1.5,1.5,25940926
4,94 CHESTER ROAD ,,,,,,,571,2,2,16963061
3,11 Norman Steps ,,,,,,,400,2,2,35365511
4,,,,,,,,257,3,3,35626040
3,,,,,,,,669,3,3,36327813
2,9 Herschel Road,,,,,,,643,1,1,35413092
2,,,,,,,,269,2.5,2.5,10996400
1,,,,,,,,160,1,1,24177835
3,,,,,,,,237,2,2,31666888
3,,,,,,,,627,2,2,33104719
2,,,,,,,,403,2,2,26111319
8,3  Conifer Way,,,,,,,311,6,6,7528702
2,,,,,,,,266,2,2,28807398
4,,,,,,,,357,3.5,3.5,32239914
2,,,,,,,,581,1,1,29264840
,,,,,,,,531,,,19711743
2,,,,,,,,679,1,1,23311775
2,,,,,,,,155,1,1,33202849
2,17 Morton Road,,,,,,,239,1,1,13081664
2,,,,,,,,653,2,2,15781206
1,,,,,,,,201,1,1,13764052
3,,,,,,,,203,1,1,28950414
5,14 Campbell Street,,,,,,,625,3,3,4371334
0.5,,,,,,,,255,1,1,35544409
2,,,,,,,,270,2,2,6455886
4,,,,,,,,227,2,2,22272722
2,,,,,,,,414,1,1,18823145
,,,,,,,,640,,,7634773
0.5,,,,,,,,323,1,1,6783776
2,,,,,,,,496,2,2,17964263
4,8 Malleson Road,,,,,,,690,2,2,15385360
3,,,,,,,,609,1,1,7795043
2,5 Devonshire Road,,,,,,,454,1,1,19043911
3,22 Princess Avenue,,,,,,,187,3,3,4014799
5,,,,,,,,577,3,3,10321612
3,13 Ranelagh Road ,,,,,,,183,1,1,25292283
3,2a Delaney Road ,,,,,,,336,2,2,30111303
4,23 Greenwich Road ,,,,,,,277,3,3,17120555
2,12 Brooke Street ,,,,,,,269,2,2,17000294
1,,,,,,,,154,1,1,13356862
4,,,,,,,,274,2,2,13293945
3,,,,,,,,459,2,2,32778865
3,,,,,,,,304,2,2,20276704
1,,,,,,,,656,1,1,2829366
1,,,,,,,,451,1,1,18533790
,,,,,,,,620,,,21382142
3,,,,,,,,491,2,2,12427785
,,,,,,,,611,4,4,12441168
1,,,,,,,,690,1,1,36134505
1,,,,,,,,440,1,1,25921908
0.5,,,,,,,,316,1,1,10086652
1,,,,,,,,422,1,1,17315935
7,18 Brownlow Street,,,,,,,268,7,7,34004037
3,,,,,,,,597,3,3,27394279
2,,,,,,,,498,2,2,36571650
,,,,,,,,210,,,14227215
3,,,,,,,,395,3,3,23606602
2,,,,,,,,522,2,2,19908398
2,,,,,,,,204,2,2,11465787
1,,,,,,,,265,1,1,36118170
2,,,,,,,,367,1,1,26200502
3,,,,,,,,605,3.5,3.5,17542076
2,,,,,,,,526,1,1,15578644
2,,,,,,,,637,2,2,33515275
1,,,,,,,,171,1,1,26340081
2,,,,,,,,683,2,2,6258484
1,,,,,,,,642,1,1,28029697
2,,,,,,,,304,1,1,35088195
2,,,,,,,,593,2,2,26003860
2,,,,,,,,368,1,1,9353804
4,14A Tiverton Road,,,,,,,515,3,3,32516806
5,17 Barnett road,,,,,,,230,3,3,3427737
4,,,,,,,,216,2,2,27648019
2,,,,,,,,519,1,1,8447373
1,,,,,,,,379,1,1,15691792
2,,,,,,,,434,1,1,15863674
2,92 Kenilworth Village ,,,,,,,186,1,1,36644698
3,,,,,,,,645,2,2,32832651
3,,,,,,,,556,2,2,25390300
2,161 Main Road ,,,,,,,589,2,2,36193649
2,,,,,,,,251,1,1,16795974
3,,,,,,,,230,4.5,4.5,24174780
1,66 KEEROM STREET ,,,,,,,643,1,1,31287150
5,,,,,,,,615,6,6,31585574
,,,,,,,,537,,,28096427
3,,,,,,,,537,2.5,2.5,5102820
2,,,,,,,,568,2,2,14127691
2,,,,,,,,540,1.5,1.5,28038133
1,,,,,,,,189,1,1,12564896
4,10 Lilac Circle,,,,,,,390,2,2,27250902
4,,,,,,,,275,3.5,3.5,36034564
3,,,,,,,,448,2,2,5098741
6,,,,,,,,658,2,2,22889272
2,,,,,,,,376,1,1,34687625
3,,,,,,,,315,2,2,13770635
2,,,,,,,,496,1,1,31585074
5,,,,,,,,693,2,2,30480505
2,,,,,,,,509,1,1,9211741
3,,,,,,,,699,2,2,7889079
3,,,,,,,,662,2,2,21070959
3,,,,,,,,439,2,2,34219048
2,4  Braeside Road,,,,,,,669,2.5,2.5,23986094
2,28 Camargue ,,,,,,,216,1,1,8226141
,,,,,,,,659,,,11107905
5,,,,,,,,414,3,3,11059119
2,13  Culm Road ,,,,,,,226,1.5,1.5,19366178
4,,,,,,,,270,1,1,21859118
,,,,,,,,271,,,9393594
1,,,,,,,,310,1,1,36713605
2,,,,,,,,157,2,2,11352507
3,4a Pollsmoor Road ,,,,,,,289,1.5,1.5,6889098
3,,,,,,,,649,1,1,11003129
3,,,,,,,,612,3.5,3.5,19545288
1,,,,,,,,516,1,1,4775563
3,,,,,,,,539,1,1,13031108
2,,,,,,,,627,2.5,2.5,3640066
2,Rondebosch Village ,,,,,,,398,2,2,6391493
1,,,,,,,,698,1,1,8884479
1,,,,,,,,583,1,1,31278254
1,,,,,,,,380,2,2,6865305
2,,,,,,,,533,1,1,26330941
2,,,,,,,,493,1,1,5203332
3,,,,,,,,302,2,2,10558362
4,,,,,,,,254,3,3,17670411
1,,,,,,,,471,1,1,3242542
1,,,,,,,,434,1,1,11494906
5,,,,,,,,659,3,3,4118562
2,,,,,,,,307,1,1,3958338
2,,,,,,,,536,2,2,35175465
2,66 Putney Road ,,,,,,,220,2,2,31068857
2,,,,,,,,405,2,2,14056344
10,,,,,,,,275,9,9,25436124
4,16 Crescent Road,,,,,,,681,2,2,23753541
2,,,,,,,,219,1,1,9333327
3,,,,,,,,200,1,1,33920768
4,,,,,,,,336,3,3,3342318
3,,,,,,,,163,3.5,3.5,34718119
2,5 Burnham Road,,,,,,,489,1,1,29160379
2,,,,,,,,416,1,1,26335579
6,,,,,,,,618,5,5,22575549
3,,,,,,,,509,2,2,3410957
0.5,,,,,,,,474,1,1,5152100
5,20 Egrets Way,,,,,,,338,5,5,12959362
2,165637 Lower Long Street ,,,,,,,296,2,2,10353308
2,,,,,,,,563,2,2,3927619
2,,,,,,,,261,1,1,26370506
3,6 Crescent Road,,,,,,,600,2,2,32912271
3,12 Bahia Bay ,,,,,,,440,2,2,29066939
4,1 Reform Road ,,,,,,,523,3,3,4849380
2,22 Constitution Street,,,,,,,469,1,1,20982409
3,,,,,,,,621,3,3,22820702
0.5,,,,,,,,185,1,1,11473917
2,,,,,,,,560,2,2,34073725
4,,,,,,,,571,3,3,22818640
3,,,,,,,,232,2,2,6481413
4,,,,,,,,584,3,3,3687275
4,,,,,,,,291,3,3,25681884
2,,,,,,,,576,1,1,15330882
2,,,,,,,,686,1,1,25037578
4,,,,,,,,269,3,3,11245006
,,,,,,,,569,,,10964141
3,,,,,,,,367,2,2,9673438
5,20 Egrets Way,,,,,,,494,3,3,11847000
2,,,,,,,,567,1.5,1.5,31149286
6,,,,,,,,483,2,2,27220303
1,,,,,,,,425,1,1,18596965
1,,,,,,,,459,1,1,17810425
3,,,,,,,,290,2,2,20809360
3,,,,,,,,196,2,2,28324197
0.5,,,,,,,,478,1,1,14880677
,,,,,,,,611,,,33346741
2,,,,,,,,277,1.5,1.5,35882837
2,,,,,,,,368,1,1,24939730
3,,,,,,,,365,2,2,20259034
4,,,,,,,,563,3,3,22099906
3,,,,,,,,608,2.5,2.5,31846792
1,,,,,,,,172,1,1,34822625
4,,,,,,,,417,1,1,24597782
1,,,,,,,,357,1,1,26220574
,,,,,,,,471,,,30479141
4,,,,,,,,248,2,2,18085321
7,,,,,,,,421,5,5,18561740
2,,,,,,,,340,1,1,32940221
3,,,,,,,,555,2.5,2.5,24938585
3,,,,,,,,301,1,1,17969306
3,49 Battle Ridge ,,,,,,,515,1,1,22107786
4,9 Ivy Lane ,,,,,,,262,3,3,8703268
3,,,,,,,,318,1,1,10492879
3,,,,,,,,667,3.5,3.5,25759455
3,,,,,,,,339,2,2,36531196
2,,,,,,,,234,2,2,30172991
9,,,,,,,,551,9.5,9.5,25251569
3,,,,,,,,330,1,1,21046959
2,103 ROODEBLOEM ROAD ,,,,,,,406,1,1,15661423
1,,,,,,,,535,1,1,16506350
5,,,,,,,,510,1,1,35884239
1,,,,,,,,295,1,1,30955666
3,7 Beech Road,,,,,,,615,2,2,4043549
3,,,,,,,,320,2,2,14956532
3,,,,,,,,310,1,1,8212123
2,,,,,,,,661,1,1,23441515
2,,,,,,,,379,1,1,8315423
3,,,,,,,,309,1,1,21772187
2,,,,,,,,593,2,2,5560897
3,,,,,,,,657,2,2,11295066
5,,,,,,,,649,5,5,10380489
2,,,,,,,,482,1,1,35217759
1,,,,,,,,251,1,1,19102859
2,10 Seacliffe Road,,,,,,,244,2,2,35328667
5,,,,,,,,546,5,5,18087363
2,54 Shortmarket Street ,,,,,,,336,2.5,2.5,29646347
2,,,,,,,,341,1,1,16430667
2,,,,,,,,282,1,1,4426011
2,,,,,,,,688,2,2,25333802
2,5 Chelmsforsd ,,,,,,,377,1.5,1.5,32327089
0.5,,,,,,,,429,1,1,22709604
3,,,,,,,,470,1.5,1.5,35006269
4,14 Voorjaar Street,,,,,,,431,3,3,14757920
4,,,,,,,,542,2,2,36600170
1,,,,,,,,382,1,1,15275762
4,,,,,,,,301,3.5,3.5,15974686
2,,,,,,,,337,2,2,23833817
6,,,,,,,,397,6,6,34779390
1,,,,,,,,439,1,1,7140338
3,,,,,,,,231,2,2,32996078
2,81 Kenilworth road,,,,,,,474,2,2,6670002
3,,,,,,,,507,1,1,35673908
4,7 Zee Close,,,,,,,533,2,2,13632628
0.5,,,,,,,,187,1,1,3693040
1,,,,,,,,393,1,1,5282474
1,,,,,,,,279,1,1,22181022
4,,,,,,,,585,3.5,3.5,5573885
2,,,,,,,,207,2.5,2.5,15091090
3,,,,,,,,195,2,2,30697535
3,,,,,,,,338,1.5,1.5,15072308
3,,,,,,,,225,1,1,6794491
2,,,,,,,,353,1,1,36202964
2,,,,,,,,587,1,1,31062834
3,,,,,,,,433,1,1,9818382
,,,,,,,,216,,,25417103
2,,,,,,,,573,1,1,2936740
4,1 Upper Quarterdeck  Road,,,,,,,284,5.5,5.5,11091505
4,,,,,,,,695,3,3,25052070
4,11 Cranko Avenue,,,,,,,194,2.5,2.5,17583681
4,,,,,,,,556,4.5,4.5,13857758
1,,,,,,,,399,1,1,19948599
1,,,,,,,,571,2,2,31049597
,44 Sasmeer  Road,,,,,,,429,,,26522838
9,,,,,,,,403,5,5,19790939
3,,,,,,,,425,2,2,9385399
3,,,,,,,,454,2,2,23759431
,,,,,,,,417,1,1,24546862
2,,,,,,,,333,2.5,2.5,28796152
,,,,,,,,416,,,29615892
2,,,,,,,,418,1.5,1.5,19477280
1,,,,,,,,577,1,1,25866497
4,,,,,,,,160,2,2,30075592
2,,,,,,,,551,1,1,24073055
4,,,,,,,,187,2,2,4736139
2,,,,,,,,287,1,1,24689689
3,,,,,,,,165,2,2,35909558
4,12 Green Valley Close,,,,,,,532,3,3,2717816
2,,,,,,,,219,2,2,10841623
5,74 Milner Road,,,,,,,439,3,3,30702118
1,,,,,,,,550,1,1,28614631
2,,,,,,,,159,2,2,7715033
1,170 Ocean View Drive,,,,,,,597,1,1,10481576
3,9 Ilkley Crescent,,,,,,,154,3,3,20146856
1,,,,,,,,447,1,1,9865386
4,,,,,,,,605,4.5,4.5,7764118
2,,,,,,,,199,2,2,11368180
2,,,,,,,,560,2,2,31963854
1,,,,,,,,587,1,1,11278437
2,,,,,,,,292,2,2,4833366
3,,,,,,,,204,2,2,31045882
2,,,,,,,,663,2.5,2.5,29824830
2,,,,,,,,447,2,2,14538970
2,,,,,,,,697,2,2,6997781
3,,,,,,,,159,3,3,16111584
1,,,,,,,,252,1,1,13549454
2,,,,,,,,393,1,1,35953890
1,,,,,,,,150,1,1,31526438
1,,,,,,,,631,1,1,29786917
1,,,,,,,,327,1,1,21219073
3.5,,,,,,,,521,3,3,4136616
2,,,,,,,,641,2,2,5198127
4,,,,,,,,287,4,4,33076471
1,,,,,,,,288,1,1,19922085
2,,,,,,,,460,1,1,2924817
3,,,,,,,,575,2,2,35077463
2,,,,,,,,257,2,2,31409876
2,,,,,,,,591,2,2,16115379
3,,,,,,,,366,2,2,15332446
2,,,,,,,,294,2,2,26584519
1,,,,,,,,553,1,1,33999180
3,,,,,,,,158,3,3,19566918
3,,,,,,,,197,2.5,2.5,9503447
2,,,,,,,,630,2,2,17449415
1,,,,,,,,468,1,1,10331141
2,63 DOORDRIFT RD ,,,,,,,473,1,1,29006795
2,,,,,,,,530,2.5,2.5,26488700
2,,,,,,,,547,1,1,6007315
2,,,,,,,,332,1.5,1.5,14636246
2,,,,,,,,478,2,2,5768867
1,,,,,,,,369,1,1,19264207
2,,,,,,,,506,1,1,28906395
3,8 Elzeth Road,,,,,,,177,2,2,22961093
2,,,,,,,,470,2,2,25032511
5,,,,,,,,265,5.5,5.5,14348261
3,,,,,,,,625,1,1,3475420
0.5,,,,,,,,572,1,1,25797056
1,,,,,,,,610,1,1,30964599
1,,,,,,,,381,1,1,27797938
4,,,,,,,,267,2,2,20658278
3,,,,,,,,480,2,2,6177515
2,,,,,,,,551,2,2,31542733
2,,,,,,,,379,2,2,34876088
2,,,,,,,,284,2,2,25899185
2,,,,,,,,595,2,2,25647784
1,,,,,,,,543,1,1,8011709
0.5,,,,,,,,431,1,1,20892021
1,,,,,,,,676,1,1,9664609
1,,,,,,,,280,1,1,29483252
0.5,,,,,,,,545,1,1,6273311
3,,,,,,,,619,2,2,36181147
2,,,,,,,,308,2,2,14233510
3,,,,,,,,295,1,1,7075583
2,,,,,,,,283,2.5,2.5,22550184
4,,,,,,,,655,3,3,2670532
0.5,,,,,,,,279,1,1,28022047
1,,,,,,,,572,1,1,32661417
2,,,,,,,,615,1,1,35090991
2,,,,,,,,542,2,2,19946105
0.5,,,,,,,,436,1,1,36370420
3,,,,,,,,210,2,2,32499981
3,,,,,,,,517,2,2,14707819
4,,,,,,,,388,3,3,25982905
3,21 Welgemeend Road,,,,,,,404,2,2,16599256
2,,,,,,,,521,2,2,36722777
3,,,,,,,,356,2,2,23239535
2,,,,,,,,265,1,1,22629595
2,,,,,,,,279,2,2,11157703
3,,,,,,,,479,1,1,12575666
5, ,,,,,,,350,4,4,31614175
3,,,,,,,,334,2,2,5069403
4,,,,,,,,380,1,1,22310965
2,229 Main Road ,,,,,,,489,2,2,19981460
3,,,,,,,,609,2,2,25287175
4,,,,,,,,285,2,2,21586558
1,,,,,,,,225,1,1,18360046
1,,,,,,,,421,1,1,33895436
,,,,,,,,591,,,15003777
2,,,,,,,,512,1,1,8424088
2,,,,,,,,545,1,1,15944901
4,21 Rosmead  Avenue,,,,,,,261,3,3,33528733
3,,,,,,,,436,3,3,24667527
2,,,,,,,,532,2,2,3649646
1,,,,,,,,691,1,1,24079041
3,,,,,,,,590,1.5,1.5,30645879
2,,,,,,,,239,1,1,36272593
3,,,,,,,,607,3.5,3.5,30201343
1,,,,,,,,623,1,1,4235387
0.5,,,,,,,,502,1,1,6892151
3,28 Ednam Street,,,,,,,358,1.5,1.5,22023187
3,,,,,,,,345,3,3,24507837
3,,,,,,,,491,2,2,11512857
,,,,,,,,237,,,6480543
4,,,,,,,,353,3,3,35881339
3,,,,,,,,640,3.5,3.5,14357973
4,,,,,,,,190,2,2,28923343
3,,,,,,,,223,2,2,31317823
3,,,,,,,,227,2,2,24717749
2,,,,,,,,674,2,2,15909102
2,,,,,,,,390,1,1,13434927
2,,,,,,,,558,2,2,5920074
5,,,,,,,,553,6.5,6.5,22606406
1,,,,,,,,306,1,1,26253483
2,,,,,,,,207,1,1,14098343
4,,,,,,,,447,2,2,24772963
3,,,,,,,,686,3,3,24791223
2,,,,,,,,615,2,2,22759121
1,,,,,,,,398,1,1,8886224
3,,,,,,,,679,2,2,6882643
3,,,,,,,,508,2,2,5075030
3,23 Sasmeer Road,,,,,,,667,2,2,28556040
2,47 Prince Henry Crescent,,,,,,,598,1,1,17673233
4,10 Trenance Road,,,,,,,406,2,2,7953624
2,26 Prince Henry Crescent,,,,,,,225,1,1,5692531
3,,,,,,,,655,2,2,34798607
2,,,,,,,,668,2,2,35799778
4,25 Eksteen Avenue,,,,,,,626,4,4,11983632
2,,,,,,,,434,2,2,5061094
,,,,,,,,462,,,16105056
2,,,,,,,,510,1,1,24108044
2,,,,,,,,625,1,1,33253831
2,,,,,,,,604,1,1,14835479
3,,,,,,,,593,2,2,33380086
1,,,,,,,,400,1,1,13917734
3,,,,,,,,169,1,1,21015215
1,,,,,,,,652,1,1,9006852
3,,,,,,,,227,2,2,10503031
10,,,,,,,,510,8,8,35291953
1,8 Alexander Road,,,,,,,299,1,1,24925836
3,,,,,,,,221,2,2,7198461
4,,,,,,,,422,3,3,24259950
1,,,,,,,,430,1,1,25188896
2,,,,,,,,223,2.5,2.5,15708557
1,213 Main Road,,,,,,,193,1,1,31140729
2,,,,,,,,386,1.5,1.5,13702740
3,,,,,,,,418,2,2,21850711
3,,,,,,,,639,2,2,4697127
3,,,,,,,,366,1,1,4564853
3,,,,,,,,430,3,3,30323876
2,,,,,,,,605,2,2,18935296
3,,,,,,,,314,2,2,32004770
1,,,,,,,,493,1,1,14218611
5,,,,,,,,636,4,4,10213075
4,,,,,,,,588,3,3,33345659
,,,,,,,,204,,,11196704
2,,,,,,,,666,2,2,19789702
1,,,,,,,,269,1,1,16663649
6,13 Newport Street,,,,,,,255,6.5,6.5,18345582
2,12 Brooke Street,,,,,,,426,2,2,31305682
2,,,,,,,,518,2,2,31836666
2,,,,,,,,695,2,2,16575362
4,,,,,,,,312,4,4,21904133
3,,,,,,,,163,1,1,6218915
3,,,,,,,,664,1,1,31912675
3,,,,,,,,229,1,1,12474646
2,,,,,,,,594,2.5,2.5,4401967
2,,,,,,,,343,3,3,6427558
2,,,,,,,,241,1,1,14522422
3,,,,,,,,545,2,2,4215575
1,,,,,,,,167,1,1,21964051
3,,,,,,,,325,3,3,15485616
3,,,,,,,,402,2,2,15027002
3,,,,,,,,623,3,3,5304281
4,5 Beyers Road,,,,,,,586,1,1,8099126
3,,,,,,,,194,3.5,3.5,21785740
2,,,,,,,,277,1,1,28521373
2,,,,,,,,399,2,2,26420814
2,,,,,,,,329,1,1,11036504
3,,,,,,,,161,1,1,16940263
2,,,,,,,,438,1,1,34305401
3,,,,,,,,233,2,2,13227086
2,,,,,,,,344,1,1,36469936
3,,,,,,,,399,1,1,29616305
5,59 Waterloo  Road,,,,,,,322,4,4,31012523
3,,,,,,,,667,2,2,35654239
3,,,,,,,,668,2,2,23202986
2,,,,,,,,690,2,2,30303663
2,,,,,,,,201,2.5,2.5,5555640
2,423 Main Road,,,,,,,647,2,2,24540070
3,,,,,,,,172,1,1,20738528
3,,,,,,,,182,3,3,5682875
6,,,,,,,,459,5,5,8659791
3,,,,,,,,228,2,2,12737855
1,,,,,,,,200,1,1,6069443
3,,,,,,,,429,3,3,20730679
3,,,,,,,,694,2,2,18295558
2,45 Chapel  Street,,,,,,,292,1,1,32679555
4,,,,,,,,274,2.5,2.5,11160493
3,,,,,,,,537,2.5,2.5,28004945
2,,,,,,,,353,1,1,28708985
7,14 Duckitt Avenue,,,,,,,503,7,7,26801021
3,,,,,,,,272,2,2,32131556
1,,,,,,,,518,1.5,1.5,7518755
3,,,,,,,,195,2.5,2.5,35821740
1,,,,,,,,365,1,1,5388985
4,,,,,,,,364,3,3,36831205
5,,,,,,,,180,5.5,5.5,17648101
5,12 lister Road,,,,,,,550,4.5,4.5,14257833
1,,,,,,,,475,1,1,27300853
2,,,,,,,,672,2,2,13561151
4,,,,,,,,154,3,3,7250635
3,,,,,,,,676,2,2,36088667
5,,,,,,,,203,3,3,3101173
2,,,,,,,,673,1,1,34316412
4,,,,,,,,260,3,3,27722824
3,,,,,,,,640,2,2,7442314
3,,,,,,,,380,2,2,28899478
3,,,,,,,,656,1,1,5936906
5,28 Avonduur Road,,,,,,,200,3,3,5719971
3,,,,,,,,254,2,2,35174546
2,,,,,,,,176,1,1,31368708
4,,,,,,,,313,1,1,10458552
2,,,,,,,,574,1,1,14009516
2,,,,,,,,533,1.5,1.5,5406823
2,,,,,,,,258,2,2,17953900
1,,,,,,,,484,1,1,23777829
2,,,,,,,,257,2,2,34401173
3,,,,,,,,524,2,2,26286368
1,"17 Sunrise Road, ",,,,,,,244,1,1,19161046
2,,,,,,,,502,1,1,17709077
4,,,,,,,,496,2,2,12403391
,,,,,,,,288,1,1,3784458
3,,,,,,,,520,3,3,8150674
8,,,,,,,,259,4,4,6331635
3,,,,,,,,426,1.5,1.5,32804099
3,,,,,,,,235,2,2,36994441
2,,,,,,,,169,2,2,23633109
1,,,,,,,,171,2,2,15361438
2,,,,,,,,700,2,2,8828395
1,,,,,,,,582,1,1,27943952
3,,,,,,,,255,2,2,2861300
2,,,,,,,,185,1,1,6758139
2,,,,,,,,394,1,1,9280850
2,,,,,,,,158,1,1,36686887
2,,,,,,,,380,1,1,32932595
1,,,,,,,,475,1,1,11746889
2,,,,,,,,610,1,1,29336834
2,,,,,,,,530,1,1,7700141
4,,,,,,,,680,2,2,2595472
2,,,,,,,,636,2,2,6076286
0.5,,,,,,,,625,1,1,8774080
2,,,,,,,,215,1,1,27035348
5,,,,,,,,488,3,3,22730346
2,,,,,,,,376,1,1,29773983
4,,,,,,,,322,3.5,3.5,22342303
2,8 Harfield Road,,,,,,,381,1,1,10657894
1,,,,,,,,196,1,1,4111835
22,8 Harfield Road,,,,,,,610,12,12,34095742
2,,,,,,,,643,3,3,30196708
1,,,,,,,,658,1,1,11184412
7,17 Gardenia  Avenue,,,,,,,238,4,4,30077359
1,,,,,,,,516,1,1,8422553
3,,,,,,,,692,2,2,23319957
2,,,,,,,,336,1.5,1.5,13298957
1,,,,,,,,608,1,1,32832587
2,,,,,,,,607,1,1,15390060
2,,,,,,,,161,1,1,14501600
2,,,,,,,,183,2,2,14325495
2,,,,,,,,635,1,1,6439175
2,,,,,,,,435,1,1,18728766
3,,,,,,,,216,3,3,21186454
1,,,,,,,,152,1,1,27736146
1,,,,,,,,232,1,1,27091983
1,,,,,,,,694,1,1,16154823
6,6 Burg Road,,,,,,,309,4,4,33107601
7,10 Nursery  Road,,,,,,,219,3,3,31825076
10,21 Ednam Road,,,,,,,535,5,5,18615312
2,,,,,,,,602,2,2,11276604
5,,,,,,,,337,3,3,12571145
0.5,,,,,,,,330,1,1,25501692
1,,,,,,,,153,1,1,11078599
3,,,,,,,,369,3.5,3.5,9682544
4,,,,,,,,232,3,3,10577921
2,,,,,,,,163,1,1,36388743
3,,,,,,,,357,1,1,28627444
2,,,,,,,,545,2,2,17840442
1,,,,,,,,263,1,1,10509107
6,,,,,,,,634,6,6,22066949
4,,,,,,,,615,1,1,11891907
3,,,,,,,,494,3,3,19550471
5,,,,,,,,576,5.5,5.5,24858721
4,,,,,,,,650,3,3,4645240
1,,,,,,,,535,1,1,19996537
1,,,,,,,,303,1,1,22512596
2,359 Main Road,,,,,,,572,1.5,1.5,8894474
3,,,,,,,,190,1,1,15003787
2,,,,,,,,240,1,1,31416841
2,,,,,,,,473,1,1,35726799
1,,,,,,,,634,1,1,21812682
3,,,,,,,,520,3.5,3.5,15975427
3,,,,,,,,566,1,1,2596254
,,,,,,,,695,,,9612234
3,,,,,,,,235,3,3,17397600
,,,,,,,,617,,,8338704
3,,,,,,,,232,3,3,25108381
2,,,,,,,,287,2,2,27425621
2,,,,,,,,574,2,2,31723176
1,,,,,,,,637,1,1,20787014
12,,,,,,,,285,5,5,29759402
4,,,,,,,,614,3,3,3001613
1,,,,,,,,373,1,1,16479470
1,,,,,,,,583,1,1,5584014
1,,,,,,,,437,1,1,34628673
3,,,,,,,,489,2,2,27611658
3,,,,,,,,538,2.5,2.5,13888450
3,,,,,,,,368,3,3,6329889
2,,,,,,,,467,2,2,24360818
2,,,,,,,,462,2,2,35450490
1,,,,,,,,542,1,1,35101587
6,14 Portlands Road,,,,,,,548,5,5,29662919
1,,,,,,,,487,1,1,11280364
2,,,,,,,,517,2,2,20681043
1,53 Main Road,,,,,,,319,1,1,21068926
2,,,,,,,,218,1,1,8800084
1,,,,,,,,190,1.5,1.5,15120463
3,,,,,,,,182,4,4,24130360
1,513 Mill  Street,,,,,,,385,1,1,3696606
1,,,,,,,,209,1,1,19873170
3,,,,,,,,433,2.5,2.5,21266740
2,,,,,,,,430,1.5,1.5,2933697
3,39 Rosmead Avenue,,,,,,,672,2,2,23928091
3,,,,,,,,501,3,3,29766031
2,,,,,,,,245,2,2,23375094
0.5,,,,,,,,490,1,1,8605092
2,,,,,,,,600,1,1,34620316
1,,,,,,,,622,1,1,15580504
1,,,,,,,,377,1,1,25076950
2,,,,,,,,517,2,2,25740639
3,,,,,,,,426,2,2,7703573
0.5,,,,,,,,327,0.5,0.5,21280544
2,,,,,,,,638,2.5,2.5,3580073
2,,,,,,,,269,2,2,6497240
1,,,,,,,,268,1,1,4598095
3,,,,,,,,390,2.5,2.5,5952171
2,,,,,,,,443,2,2,18279578
6,,,,,,,,482,4,4,13374030
1,,,,,,,,596,1,1,31897342
4,,,,,,,,393,4,4,36576718
1,,,,,,,,406,1,1,34534339
1,,,,,,,,660,1,1,9573475
3,,,,,,,,230,1,1,13778615
3,64 Ocean View Drive,,,,,,,688,3.5,3.5,29476209
3,4 Kloof Nek Road,,,,,,,536,1.5,1.5,19884713
3,,,,,,,,285,2,2,9145200
4,,,,,,,,156,4.5,4.5,7078949
1,,,,,,,,184,1,1,9327716
4,,,,,,,,257,3,3,10584296
0.5,,,,,,,,667,1,1,25483566
0.5,,,,,,,,685,1,1,29326303
1,,,,,,,,539,1,1,35793871
3,,,,,,,,246,2,2,18274875
3,,,,,,,,446,3.5,3.5,11135711
2,,,,,,,,295,1,1,7222288
3,,,,,,,,511,2,2,5932060
3,,,,,,,,285,3,3,4748035
0.5,,,,,,,,475,1,1,5650482
1,,,,,,,,291,1,1,6867664
1,,,,,,,,267,1,1,4839597
2,,,,,,,,547,2,2,22077720
9,,,,,,,,364,7,7,30244064
5,,,,,,,,261,5.5,5.5,33105790
2,,,,,,,,433,1,1,31600346
2,,,,,,,,391,3,3,35192290
1,,,,,,,,212,1,1,5376952
,,,,,,,,493,,,25127097
,,,,,,,,207,1,1,16446555
1,,,,,,,,607,1,1,14681989
4,3 St Joans  Road,,,,,,,377,3,3,13511663
3,,,,,,,,276,1,1,25651188
2,,,,,,,,600,2,2,18504969
3,,,,,,,,279,1,1,23877732
2,,,,,,,,531,2,2,27181587
2,,,,,,,,406,2,2,15999940
1,,,,,,,,390,1,1,2570351
1,,,,,,,,415,2,2,17140616
1,,,,,,,,304,2,2,18329407
3,,,,,,,,575,1,1,24500005
3,,,,,,,,286,2,2,29714537
2,,,,,,,,395,1,1,4234962
1,,,,,,,,211,2,2,7236247
3,,,,,,,,568,3,3,5252763
2,,,,,,,,601,1,1,27546779
3,,,,,,,,551,3,3,18264141
2,,,,,,,,499,2,2,34511550
4,,,,,,,,298,3,3,23776662
4,,,,,,,,170,4,4,16668893
1,,,,,,,,691,1,1,32288580
2,,,,,,,,468,1,1,26047020
3,,,,,,,,567,2.5,2.5,4291066
3,248 Rosmead Avenue,,,,,,,527,1.5,1.5,15551273
5,,,,,,,,545,4,4,28839377
2,,,,,,,,499,2,2,30967098
2,,,,,,,,365,1.5,1.5,5738062
2,,,,,,,,460,1.5,1.5,32354908
1,,,,,,,,282,1,1,9471660
2,,,,,,,,546,1,1,25992306
1,,,,,,,,302,1,1,5045015
1,,,,,,,,207,1,1,15757572
,,,,,,,,522,,,19241270
1,,,,,,,,171,1,1,16423906
3,,,,,,,,681,2,2,12199848
,,,,,,,,684,,,31795228
4,,,,,,,,331,2,2,31589308
3,,,,,,,,150,3,3,3175459
4,1 DOCK Road,,,,,,,173,3.5,3.5,20058165
4,,,,,,,,189,3,3,16979779
0.5,,,,,,,,153,1,1,15732206
4,,,,,,,,241,3,3,34099944
1,,,,,,,,344,1,1,30709534
1,,,,,,,,408,1,1,25675027
1,,,,,,,,239,1,1,26084546
2,,,,,,,,190,1,1,17715699
2,,,,,,,,385,2,2,7453534
2,,,,,,,,352,2,2,32628933
2,,,,,,,,503,2,2,9172033
1,,,,,,,,216,1,1,5703172
3,,,,,,,,402,2.5,2.5,13856163
2,,,,,,,,562,1,1,7573006
3,,,,,,,,485,2,2,11918555
2,,,,,,,,391,2,2,26498185
3,,,,,,,,583,3,3,18445872
1,,,,,,,,455,1,1,22682771
3,,,,,,,,571,2,2,6348867
1,,,,,,,,284,1,1,8201851
3,,,,,,,,363,3,3,9835982
3,,,,,,,,370,3.5,3.5,36085927
0.5,,,,,,,,298,1,1,5553499
1,,,,,,,,501,1,1,8769530
3,,,,,,,,619,2,2,33860616
1,,,,,,,,305,1,1,10152500
1,,,,,,,,393,1,1,16851389
2,,,,,,,,198,2,2,20848546
2,,,,,,,,508,2,2,20699400
2,,,,,,,,350,1,1,17196773
0.5,,,,,,,,498,1,1,28625501
2,,,,,,,,435,2,2,24867054
3,,,,,,,,263,1,1,14322398
4,,,,,,,,554,3,3,30083241
0.5,,,,,,,,444,1,1,34664489
1,,,,,,,,187,1,1,10264219
3,,,,,,,,242,4,4,17272499
3,,,,,,,,666,3,3,20445436
3,,,,,,,,239,2,2,15316312
2,10 Oliver  Road,,,,,,,460,1,1,19043548
1,,,,,,,,476,1,1,14925113
1,,,,,,,,475,1,1,11305594
2,,,,,,,,189,1,1,32595922
1,,,,,,,,644,1,1,10592936
2,,,,,,,,349,2,2,34129430
2,,,,,,,,618,2,2,22692958
,,,,,,,,657,,,36512715
3,,,,,,,,344,1,1,24063092
3,,,,,,,,598,2,2,18315608
3,,,,,,,,275,1.5,1.5,19993904
1,,,,,,,,448,1,1,21374703
2,,,,,,,,172,2,2,26964064
2,,,,,,,,317,2,2,23766861
6,,,,,,,,674,5,5,8761235
1,,,,,,,,673,1,1,23156536
1,,,,,,,,574,1,1,36166867
2,,,,,,,,515,2,2,2715123
2,,,,,,,,541,1.5,1.5,31341990
3,,,,,,,,453,1,1,15401556
4,,,,,,,,545,3,3,31086280
3,,,,,,,,506,1,1,10315852
2,,,,,,,,672,2,2,28468093
3,,,,,,,,576,2,2,25757055
2,,,,,,,,168,1,1,12935438
3,,,,,,,,288,2,2,27738346
3,,,,,,,,313,3,3,28883508
3,,,,,,,,513,2,2,29711399
1,,,,,,,,655,1,1,13103375
2,,,,,,,,246,2,2,11024494
2,,,,,,,,325,1,1,18070536
3,,,,,,,,455,3,3,28292037
2,,,,,,,,672,1,1,36166508
2,,,,,,,,276,1,1,20542476
3,,,,,,,,172,2,2,31568310
,,,,,,,,250,,,7642967
2,,,,,,,,412,2,2,33571516
3,,,,,,,,691,1,1,27336105
,,,,,,,,476,1,1,34539599
2,,,,,,,,266,1,1,4205508
2,,,,,,,,167,2.5,2.5,14442897
2,,,,,,,,680,2,2,13243989
3,,,,,,,,164,2.5,2.5,28232218
2,,,,,,,,366,1,1,29254151
4,,,,,,,,219,2,2,7571684
6,,,,,,,,689,6,6,36536175
2,,,,,,,,402,2,2,20834585
2,,,,,,,,665,1,1,35107642
3,,,,,,,,405,2,2,13966964
3,,,,,,,,435,2.5,2.5,34983662
5,,,,,,,,650,4,4,6899484
5,,,,,,,,328,3.5,3.5,4181445
3,,,,,,,,493,2,2,30273257
3,,,,,,,,698,2,2,17179548
2,,,,,,,,534,1,1,36572278
1,,,,,,,,341,1,1,9304146
,,,,,,,,214,1,1,15511498
3,,,,,,,,270,1,1,18076584
2,,,,,,,,594,1,1,35138220
0.5,,,,,,,,289,1,1,13688544
2,,,,,,,,379,1,1,13249182
2,,,,,,,,287,2,2,16030009
,,,,,,,,515,,,9201162
3,,,,,,,,492,3,3,15448669
2,,,,,,,,351,2,2,31063530
1,,,,,,,,232,1,1,22141932
1,,,,,,,,466,1,1,10385647
,,,,,,,,150,,,9227599
3,,,,,,,,414,2,2,34167490
2,,,,,,,,550,1,1,36858393
1,,,,,,,,448,1,1,24550168
0.5,,,,,,,,553,0.5,0.5,15684938
,,,,,,,,488,1,1,36595381
4,,,,,,,,520,2.5,2.5,30498615
1,,,,,,,,480,1,1,15553166
1,,,,,,,,515,1,1,18422032
4,,,,,,,,487,4,4,15128345
9,,,,,,,,689,5,5,36449804
3,,,,,,,,306,2,2,19476251
1,,,,,,,,411,1,1,17259277
4,,,,,,,,228,3,3,10011939
2,,,,,,,,553,2,2,21668103
0.5,,,,,,,,664,1,1,13904853
0.5,,,,,,,,250,0.5,0.5,8714551
,,,,,,,,496,,,25010066
2,,,,,,,,277,1.5,1.5,17070583
,,,,,,,,341,,,13684416
3,,,,,,,,505,2,2,20335232
3,,,,,,,,266,2.5,2.5,15389782
3,,,,,,,,364,2.5,2.5,3008434
5,,,,,,,,546,3.5,3.5,12883381
5,,,,,,,,347,5,5,23520805
4,,,,,,,,209,3,3,32254816
1,,,,,,,,556,1.5,1.5,33846761
6,,,,,,,,247,4,4,7657767
,,,,,,,,215,1,1,14850151
1,,,,,,,,379,1,1,8292214
,,,,,,,,275,1,1,9832384
1,,,,,,,,466,1,1,13365699
1,,,,,,,,631,1,1,36370854
2,,,,,,,,529,2,2,9329703
4,,,,,,,,279,2,2,5394572
2,,,,,,,,528,2,2,14136790
4,,,,,,,,562,2,2,6795882
1,,,,,,,,253,1,1,12309734
3,,,,,,,,647,3,3,16377262
,,,,,,,,170,1,1,14036969
4,,,,,,,,509,5,5,15349261
3,,,,,,,,447,3.5,3.5,10663778
3,,,,,,,,440,3,3,14779767
2,,,,,,,,368,2.5,2.5,9874406
4,,,,,,,,572,2,2,35227763
3,,,,,,,,477,2.5,2.5,16588987
3,,,,,,,,559,3,3,34898094
6,,,,,,,,653,6,6,36972961
3,,,,,,,,317,2,2,32172623
3,,,,,,,,590,1,1,14713189
2,,,,,,,,697,2.5,2.5,16380524
2,,,,,,,,406,2.5,2.5,13135086
2,,,,,,,,428,2,2,12803132
,,,,,,,,289,,,5656467
,,,,,,,,543,,,11007617
3,,,,,,,,166,2,2,32186654
2,,,,,,,,275,2,2,5468302
,6 Paddy Close,,,,,,,698,,,21779296
2,,,,,,,,184,2,2,4659357
3,,,,,,,,200,3,3,20440459
3,,,,,,,,468,3,3,31507692
4,,,,,,,,439,2.5,2.5,8445789
2,,,,,,,,498,2,2,9848403
3,,,,,,,,546,3,3,29550535
2,,,,,,,,689,1.5,1.5,20800228
3,,,,,,,,585,2,2,26478753
2,,,,,,,,274,1,1,35154068
2,,,,,,,,386,2,2,7992776
1,,,,,,,,616,1,1,7223010
1,,,,,,,,580,1,1,26921671
1,,,,,,,,673,1,1,11420231
1,,,,,,,,229,1,1,6602376
1,,,,,,,,471,1,1,18345833
2,,,,,,,,640,2,2,23654122
5,,,,,,,,226,6,6,12955185
5,,,,,,,,529,5,5,26845563
4,,,,,,,,266,4,4,19200327
3,,,,,,,,410,3.5,3.5,28770583
1,,,,,,,,279,1,1,13826153
1,,,,,,,,243,1,1,34454816
1,,,,,,,,302,1,1,20747641
1,,,,,,,,583,1,1,23803440
2,,,,,,,,326,2,2,27772833
2,,,,,,,,625,2,2,11900467
3,,,,,,,,409,3,3,34147921
1,,,,,,,,236,1,1,23951644
2,,,,,,,,261,2,2,30077940
2,,,,,,,,525,2,2,32938567
2,,,,,,,,519,2,2,21980658
3,,,,,,,,494,2,2,32493850
1,,,,,,,,477,1,1,16957815
2,,,,,,,,420,2,2,29228443
2,,,,,,,,278,2,2,31371996
1,,,,,,,,427,1,1,29674060
2,9 Nursery  Road,,,,,,,334,1,1,5257033
2,,,,,,,,212,1,1,12742468
1,,,,,,,,241,1,1,36818000
2,,,,,,,,289,1,1,27371786
2,,,,,,,,291,2,2,29045887
5,,,,,,,,396,5,5,14347819
1,,,,,,,,601,1,1,24518521
3,,,,,,,,526,3,3,11224341
3,19 Parliament Street ,,,,,,,577,2,2,4877959
3,,,,,,,,531,1,1,34113137
,,,,,,,,212,,,6492562
4,,,,,,,,634,6,6,26045912
3,,,,,,,,400,2,2,8370787
2,,,,,,,,309,1,1,4375570
1,,,,,,,,348,1,1,32780894
1,,,,,,,,416,1,1,28595453
5,,,,,,,,328,5,5,20223153
2,,,,,,,,560,1,1,31252080
3,,,,,,,,178,2,2,11918863
,,,,,,,,688,,,28132229
2,,,,,,,,571,1,1,5443844
1,,,,,,,,411,1,1,14544886
1,,,,,,,,507,1,1,26418127
1,,,,,,,,398,1,1,13847821
2,,,,,,,,590,2,2,33588693
,,,,,,,,381,,,22437352
3,,,,,,,,347,3,3,22439500
1,,,,,,,,418,1,1,17672569
2,,,,,,,,547,1,1,3023814
2,,,,,,,,460,2,2,27201611
1,,,,,,,,387,1,1,12683641
4,,,,,,,,512,4,4,18721622
3,,,,,,,,219,3,3,8496088
1,,,,,,,,152,1.5,1.5,10761157
2,,,,,,,,517,2,2,10189401
3,,,,,,,,553,2,2,12367204
,,,,,,,,682,,,20896532
3,,,,,,,,560,3.5,3.5,19941845
4,,,,,,,,435,6,6,13643595
8,,,,,,,,588,4,4,13361621
3,,,,,,,,299,2,2,5364393
5,,,,,,,,173,3,3,13936764
2,,,,,,,,363,2,2,29338776
4,,,,,,,,629,3,3,2804253
,,,,,,,,620,,,18232222
5,,,,,,,,378,3,3,14493125
3,,,,,,,,513,2,2,32940691
5,,,,,,,,598,1,1,28398954
3,,,,,,,,653,2,2,33855066
2,,,,,,,,434,1.5,1.5,36884320
3,,,,,,,,580,2,2,31761352
1,,,,,,,,681,1.5,1.5,22546985
2,,,,,,,,407,3.5,3.5,26950846
3,,,,,,,,520,2,2,6256729
4,,,,,,,,572,2,2,21673546
3,,,,,,,,327,3,3,23506841
5,,,,,,,,647,4,4,15158802
,,,,,,,,249,,,8362742
2,,,,,,,,358,2.5,2.5,8313119
1,,,,,,,,667,1,1,31734336
2,,,,,,,,669,1,1,18671337
4,,,,,,,,278,3,3,12300371
2,,,,,,,,397,2,2,25099421
1,,,,,,,,277,1,1,14642646
0.5,,,,,,,,659,1,1,4999057
2,,,,,,,,219,2,2,25382506
2,,,,,,,,481,1,1,8606152
4,,,,,,,,285,3,3,3583402
2,,,,,,,,599,1,1,30954163
9,,,,,,,,542,7,7,31952586
1,,,,,,,,174,1,1,12549025
6,,,,,,,,182,5,5,22846537
1,,,,,,,,545,1,1,16400300
1,,,,,,,,173,1,1,25771194
8,,,,,,,,203,4,4,30748867
1,,,,,,,,481,1,1,13043511
2,,,,,,,,593,2,2,35442412
1,,,,,,,,609,1,1,34456063
5,6 The Vines Road,,,,,,,201,3,3,8326286
2,,,,,,,,697,2,2,32641806
2,,,,,,,,184,1,1,21364990
2,,,,,,,,430,2,2,13936030
5,,,,,,,,558,5,5,22773781
1,,,,,,,,171,1,1,16338362
2,,,,,,,,460,2,2,25734189
2,,,,,,,,455,1,1,8920003
4,,,,,,,,325,3.5,3.5,20654122
4,,,,,,,,251,2,2,27302207
4,,,,,,,,629,4,4,34370953
2,,,,,,,,253,2,2,2810108
1,,,,,,,,200,1,1,17221787
,,,,,,,,378,1,1,3969878
1,,,,,,,,622,1,1,14290474
2,,,,,,,,498,2,2,8151580
2,,,,,,,,206,1,1,19083331
2,,,,,,,,392,2.5,2.5,14264188
3,,,,,,,,553,3,3,31442104
4,,,,,,,,608,2,2,11118316
0.5,,,,,,,,537,1,1,8335988
2,,,,,,,,643,2,2,24624195
6,,,,,,,,277,6,6,13183658
1,,,,,,,,435,1,1,10058064
2,,,,,,,,161,1,1,4758306
4,,,,,,,,669,3,3,36225352
1,,,,,,,,166,1,1,3022210
1,,,,,,,,596,1,1,11973530
1,,,,,,,,692,1,1,2673447
5,,,,,,,,346,6,6,31376617
4,,,,,,,,467,3,3,32467808
4,,,,,,,,555,2,2,35454375
3,,,,,,,,548,3,3,5235061
16,,,,,,,,361,16,16,5814322
2,,,,,,,,393,1,1,32534051
2,,,,,,,,606,2.5,2.5,5730613
2,,,,,,,,375,2,2,27111696
2,,,,,,,,447,2,2,34849405
2,,,,,,,,590,1,1,11101667
3,,,,,,,,696,2,2,13425000
3,,,,,,,,297,2,2,35509401
3,,,,,,,,598,2,2,36568236
13,,,,,,,,433,14,14,36608141
2,,,,,,,,587,1,1,6610408
2,,,,,,,,363,2,2,29320692
2,,,,,,,,410,3,3,36093717
3,,,,,,,,676,3,3,5089928
4,,,,,,,,689,4,4,32407823
2,,,,,,,,640,1,1,18222984
1,,,,,,,,660,1,1,30117490
7,,,,,,,,217,3,3,7646862
1,,,,,,,,675,1,1,16613616
2,,,,,,,,349,2,2,15115294
3,,,,,,,,240,2,2,35924121
,,,,,,,,539,,,35267996
3,,,,,,,,479,2,2,25805778
1,,,,,,,,569,1,1,22002465
1,,,,,,,,521,1,1,30985272
2,,,,,,,,307,2,2,24970215
,,,,,,,,313,1,1,10149650
2,,,,,,,,464,1,1,15205076
0.5,,,,,,,,329,1,1,36987049
1,,,,,,,,602,1,1,36322180
6,,,,,,,,440,11,11,19037671
4,,,,,,,,354,4.5,4.5,3844952
4,,,,,,,,476,2,2,25157093
2,,,,,,,,493,2,2,10052115
3,,,,,,,,191,2,2,2987405
3,,,,,,,,258,3,3,32683645
2,,,,,,,,375,1,1,27157472
3,,,,,,,,515,1,1,33683356
1,,,,,,,,217,1,1,5112360
,,,,,,,,675,2,2,13205602
5,,,,,,,,511,3.5,3.5,9923621
3,,,,,,,,612,1,1,10854142
1,,,,,,,,335,1,1,21942849
,,,,,,,,242,1,1,5690742
2,,,,,,,,662,2,2,20716255
4,,,,,,,,434,4,4,11126927
5,,,,,,,,693,5,5,5458940
2,,,,,,,,389,2,2,32949892
4,,,,,,,,212,2,2,33055718
3,1 St John's Road ,,,,,,,525,2,2,8799829
4,,,,,,,,213,3,3,23037215
1,,,,,,,,627,2,2,34377067
1,,,,,,,,644,1,1,36231377
1,,,,,,,,654,1,1,15211242
1,,,,,,,,304,1,1,26202856
2,,,,,,,,485,1,1,35886081
3,,,,,,,,223,1,1,24675829
2,,,,,,,,377,1,1,4183202
1,,,,,,,,262,1,1,5063805
2,,,,,,,,313,2,2,6562970
3,,,,,,,,472,2,2,16004083
5,,,,,,,,544,4,4,4430637
3,,,,,,,,265,1,1,34381463
3,,,,,,,,607,2,2,34746179
2,,,,,,,,410,1,1,17474567
3,,,,,,,,565,2,2,14204905
1,,,,,,,,513,1,1,8886129
3,,,,,,,,504,3,3,12806133
3,15 Ormskirk  Street,,,,,,,445,1,1,15020618
3,,,,,,,,378,2,2,14573457
2,,,,,,,,355,2,2,27254046
2,,,,,,,,505,2,2,6103615
3,,,,,,,,693,2,2,27176901
3,,,,,,,,638,3,3,13803582
2,,,,,,,,338,2,2,31846016
1,,,,,,,,327,1,1,10092059
1,,,,,,,,275,1,1,5592669
2,,,,,,,,329,2,2,14521301
4,,,,,,,,332,3,3,31027762
3,,,,,,,,394,1,1,14584083
1,,,,,,,,465,1,1,30404044
2,,,,,,,,283,2,2,10600418
2,,,,,,,,518,2,2,33659092
1,,,,,,,,634,1,1,9699930
3,,,,,,,,666,2,2,11806538
2,,,,,,,,529,1,1,7214662
1,,,,,,,,553,1,1,27016488
1,,,,,,,,476,1,1,16793141
1,,,,,,,,450,1,1,30689069
2,,,,,,,,173,2,2,11640774
2,,,,,,,,690,1,1,26660426
1,,,,,,,,663,1,1,17269050
2,,,,,,,,660,2,2,18279808
5,,,,,,,,167,3,3,19424467
5,,,,,,,,490,2,2,8951574
2,,,,,,,,538,2,2,27051245
1,,,,,,,,243,1,1,14607127
5,,,,,,,,282,4,4,3398683
2,,,,,,,,577,1,1,22962874
,,,,,,,,435,1,1,27690472
1,,,,,,,,601,1,1,25356226
1,,,,,,,,605,1,1,12064270
2,,,,,,,,370,2,2,4500059
2,,,,,,,,221,2,2,21082325
4,,,,,,,,473,4,4,14216320
3,,,,,,,,645,3,3,18474053
4,,,,,,,,455,4,4,5009815
4,,,,,,,,211,3,3,35433978
4,,,,,,,,444,2,2,17082192
4,,,,,,,,638,3,3,16004222
3,,,,,,,,581,2,2,29066997
2,,,,,,,,419,2,2,2713577
1,,,,,,,,662,1,1,17634516
3,,,,,,,,263,3,3,36519690
3,,,,,,,,179,2,2,9432899
1,,,,,,,,260,1,1,11848691
1,,,,,,,,326,1,1,16857609
3,,,,,,,,209,3,3,3556915
3,,,,,,,,390,1,1,16244071
2,,,,,,,,278,3,3,24627735
3,,,,,,,,172,4,4,11885288
2,,,,,,,,326,1,1,17289346
5,,,,,,,,554,3,3,29242678
2,,,,,,,,153,1,1,9101264
4,,,,,,,,452,4,4,20148374
1,,,,,,,,406,1,1,25635389
1,,,,,,,,449,1,1,8707952
,,,,,,,,693,4,4,13594009
2,,,,,,,,331,2,2,20487852
6,,,,,,,,392,6,6,3262707
4,,,,,,,,577,5,5,30531809
1,,,,,,,,647,1,1,32695971
3,,,,,,,,632,2,2,34652453
2,,,,,,,,366,2,2,30333383
3,,,,,,,,438,1,1,33101234
1,,,,,,,,293,1,1,18252329
3,,,,,,,,213,2,2,33191896
4,,,,,,,,182,4,4,35851516
3,,,,,,,,646,2,2,35221464
1,,,,,,,,663,1,1,6621663
1,,,,,,,,338,1,1,26208962
3,,,,,,,,684,2,2,15972252
2,,,,,,,,319,2,2,10385330
1,,,,,,,,158,1,1,22841055
1,,,,,,,,488,1,1,28654928
1,,,,,,,,636,1,1,30076995
4,,,,,,,,531,2,2,27138579
3,,,,,,,,419,3,3,4653002
3,,,,,,,,436,2,2,24499297
3,,,,,,,,470,2,2,33713846
3,,,,,,,,171,2,2,28782305
4,,,,,,,,428,2,2,32016937
2,,,,,,,,326,2,2,23568146
4,,,,,,,,279,2,2,9751286
